Namespace,Pod,Container,Memory Usage Total,CPU Usage Total,Memory Requests,Memory Limits,CPU Requests,CPU Limits
openshift-etcd,etcd-ip-10-0-131-155.us-east-2.compute.internal,etcd,537026560,0.08096508316666634,0,0,0,0
openshift-etcd,etcd-ip-10-0-131-155.us-east-2.compute.internal,etcd-health-monitor,38674432,0.0076563857333333376,0,0,0,0
openshift-etcd,etcd-ip-10-0-131-155.us-east-2.compute.internal,etcd-metrics,22749184,0.01103815603333332,0,0,0,0
openshift-etcd,etcd-ip-10-0-131-155.us-east-2.compute.internal,etcd-readyz,37597184,0.005836607900000009,0,0,0,0
openshift-etcd,etcd-ip-10-0-131-155.us-east-2.compute.internal,etcdctl,892928,0,0,0,0,0
openshift-etcd,etcd-ip-10-0-131-155.us-east-2.compute.internal,etcd,537026560,0.08096508316666634,0,0,0,0
openshift-etcd,etcd-ip-10-0-131-155.us-east-2.compute.internal,etcd-health-monitor,38674432,0.0076563857333333376,0,0,0,0
openshift-etcd,etcd-ip-10-0-131-155.us-east-2.compute.internal,etcd-metrics,22749184,0.01103815603333332,0,0,0,0
openshift-etcd,etcd-ip-10-0-131-155.us-east-2.compute.internal,etcd-readyz,37597184,0.005836607900000009,0,0,0,0
openshift-etcd,etcd-ip-10-0-131-155.us-east-2.compute.internal,etcdctl,892928,0,0,0,0,0
openshift-etcd,etcd-ip-10-0-131-155.us-east-2.compute.internal,etcd,537026560,0.08096508316666634,0,0,0,0
openshift-etcd,etcd-ip-10-0-131-155.us-east-2.compute.internal,etcd-health-monitor,38674432,0.0076563857333333376,0,0,0,0
openshift-etcd,etcd-ip-10-0-131-155.us-east-2.compute.internal,etcd-metrics,22749184,0.01103815603333332,0,0,0,0
openshift-etcd,etcd-ip-10-0-131-155.us-east-2.compute.internal,etcd-readyz,37597184,0.005836607900000009,0,0,0,0
openshift-etcd,etcd-ip-10-0-131-155.us-east-2.compute.internal,etcdctl,892928,0,0,0,0,0
openshift-etcd,etcd-ip-10-0-131-155.us-east-2.compute.internal,etcd,537026560,0.08096508316666634,0,0,0,0
openshift-etcd,etcd-ip-10-0-131-155.us-east-2.compute.internal,etcd-health-monitor,38674432,0.0076563857333333376,0,0,0,0
openshift-etcd,etcd-ip-10-0-131-155.us-east-2.compute.internal,etcd-metrics,22749184,0.01103815603333332,0,0,0,0
openshift-etcd,etcd-ip-10-0-131-155.us-east-2.compute.internal,etcd-readyz,37597184,0.005836607900000009,0,0,0,0
openshift-etcd,etcd-ip-10-0-131-155.us-east-2.compute.internal,etcdctl,892928,0,0,0,0,0
openshift-kube-apiserver,kube-apiserver-ip-10-0-131-155.us-east-2.compute.internal,kube-apiserver,1463554048,0.23402199813333388,0,0,0,0
openshift-kube-apiserver,kube-apiserver-ip-10-0-131-155.us-east-2.compute.internal,kube-apiserver-cert-regeneration-controller,64372736,0.006832664266666659,0,0,0,0
openshift-kube-apiserver,kube-apiserver-ip-10-0-131-155.us-east-2.compute.internal,kube-apiserver-cert-syncer,39944192,0.0021010656,0,0,0,0
openshift-kube-apiserver,kube-apiserver-ip-10-0-131-155.us-east-2.compute.internal,kube-apiserver-check-endpoints,64540672,0.003928391633333324,0,0,0,0
openshift-kube-apiserver,kube-apiserver-ip-10-0-131-155.us-east-2.compute.internal,kube-apiserver-insecure-readyz,23089152,0.000312314566666666,0,0,0,0
openshift-kube-apiserver,kube-apiserver-ip-10-0-131-155.us-east-2.compute.internal,kube-apiserver,1463554048,0.23402199813333388,0,0,0,0
openshift-kube-apiserver,kube-apiserver-ip-10-0-131-155.us-east-2.compute.internal,kube-apiserver-cert-regeneration-controller,64372736,0.006832664266666659,0,0,0,0
openshift-kube-apiserver,kube-apiserver-ip-10-0-131-155.us-east-2.compute.internal,kube-apiserver-cert-syncer,39944192,0.0021010656,0,0,0,0
openshift-kube-apiserver,kube-apiserver-ip-10-0-131-155.us-east-2.compute.internal,kube-apiserver-check-endpoints,64540672,0.003928391633333324,0,0,0,0
openshift-kube-apiserver,kube-apiserver-ip-10-0-131-155.us-east-2.compute.internal,kube-apiserver-insecure-readyz,23089152,0.000312314566666666,0,0,0,0
openshift-kube-apiserver,kube-apiserver-ip-10-0-131-155.us-east-2.compute.internal,kube-apiserver,1463554048,0.23402199813333388,0,0,0,0
openshift-kube-apiserver,kube-apiserver-ip-10-0-131-155.us-east-2.compute.internal,kube-apiserver-cert-regeneration-controller,64372736,0.006832664266666659,0,0,0,0
openshift-kube-apiserver,kube-apiserver-ip-10-0-131-155.us-east-2.compute.internal,kube-apiserver-cert-syncer,39944192,0.0021010656,0,0,0,0
openshift-kube-apiserver,kube-apiserver-ip-10-0-131-155.us-east-2.compute.internal,kube-apiserver-check-endpoints,64540672,0.003928391633333324,0,0,0,0
openshift-kube-apiserver,kube-apiserver-ip-10-0-131-155.us-east-2.compute.internal,kube-apiserver-insecure-readyz,23089152,0.000312314566666666,0,0,0,0
openshift-kube-apiserver,kube-apiserver-ip-10-0-131-155.us-east-2.compute.internal,kube-apiserver,1463554048,0.23402199813333388,0,0,0,0
openshift-kube-apiserver,kube-apiserver-ip-10-0-131-155.us-east-2.compute.internal,kube-apiserver-cert-regeneration-controller,64372736,0.006832664266666659,0,0,0,0
openshift-kube-apiserver,kube-apiserver-ip-10-0-131-155.us-east-2.compute.internal,kube-apiserver-cert-syncer,39944192,0.0021010656,0,0,0,0
openshift-kube-apiserver,kube-apiserver-ip-10-0-131-155.us-east-2.compute.internal,kube-apiserver-check-endpoints,64540672,0.003928391633333324,0,0,0,0
openshift-kube-apiserver,kube-apiserver-ip-10-0-131-155.us-east-2.compute.internal,kube-apiserver-insecure-readyz,23089152,0.000312314566666666,0,0,0,0
openshift-kube-apiserver,kube-apiserver-ip-10-0-131-155.us-east-2.compute.internal,kube-apiserver,1463554048,0.23402199813333388,0,0,0,0
openshift-kube-apiserver,kube-apiserver-ip-10-0-131-155.us-east-2.compute.internal,kube-apiserver-cert-regeneration-controller,64372736,0.006832664266666659,0,0,0,0
openshift-kube-apiserver,kube-apiserver-ip-10-0-131-155.us-east-2.compute.internal,kube-apiserver-cert-syncer,39944192,0.0021010656,0,0,0,0
openshift-kube-apiserver,kube-apiserver-ip-10-0-131-155.us-east-2.compute.internal,kube-apiserver-check-endpoints,64540672,0.003928391633333324,0,0,0,0
openshift-kube-apiserver,kube-apiserver-ip-10-0-131-155.us-east-2.compute.internal,kube-apiserver-insecure-readyz,23089152,0.000312314566666666,0,0,0,0
openshift-kube-apiserver,kube-apiserver-ip-10-0-131-155.us-east-2.compute.internal,kube-apiserver,1463554048,0.23402199813333388,0,0,0,0
openshift-kube-apiserver,kube-apiserver-ip-10-0-131-155.us-east-2.compute.internal,kube-apiserver-cert-regeneration-controller,64372736,0.006832664266666659,0,0,0,0
openshift-kube-apiserver,kube-apiserver-ip-10-0-131-155.us-east-2.compute.internal,kube-apiserver-cert-syncer,39944192,0.0021010656,0,0,0,0
openshift-kube-apiserver,kube-apiserver-ip-10-0-131-155.us-east-2.compute.internal,kube-apiserver-check-endpoints,64540672,0.003928391633333324,0,0,0,0
openshift-kube-apiserver,kube-apiserver-ip-10-0-131-155.us-east-2.compute.internal,kube-apiserver-insecure-readyz,23089152,0.000312314566666666,0,0,0,0
openshift-kube-apiserver,kube-apiserver-ip-10-0-131-155.us-east-2.compute.internal,kube-apiserver,1463554048,0.23402199813333388,0,0,0,0
openshift-kube-apiserver,kube-apiserver-ip-10-0-131-155.us-east-2.compute.internal,kube-apiserver-cert-regeneration-controller,64372736,0.006832664266666659,0,0,0,0
openshift-kube-apiserver,kube-apiserver-ip-10-0-131-155.us-east-2.compute.internal,kube-apiserver-cert-syncer,39944192,0.0021010656,0,0,0,0
openshift-kube-apiserver,kube-apiserver-ip-10-0-131-155.us-east-2.compute.internal,kube-apiserver-check-endpoints,64540672,0.003928391633333324,0,0,0,0
openshift-kube-apiserver,kube-apiserver-ip-10-0-131-155.us-east-2.compute.internal,kube-apiserver-insecure-readyz,23089152,0.000312314566666666,0,0,0,0
openshift-kube-apiserver,kube-apiserver-ip-10-0-131-155.us-east-2.compute.internal,kube-apiserver,1464180736,0.09329466663333316,0,0,0,0
openshift-kube-apiserver,kube-apiserver-ip-10-0-131-155.us-east-2.compute.internal,kube-apiserver-cert-regeneration-controller,64372736,0.0017471953333333327,0,0,0,0
openshift-kube-apiserver,kube-apiserver-ip-10-0-131-155.us-east-2.compute.internal,kube-apiserver-cert-syncer,40071168,0.0004651596333333341,0,0,0,0
openshift-kube-apiserver,kube-apiserver-ip-10-0-131-155.us-east-2.compute.internal,kube-apiserver-check-endpoints,63512576,0.0057844007666666645,0,0,0,0
openshift-kube-apiserver,kube-apiserver-ip-10-0-131-155.us-east-2.compute.internal,kube-apiserver-insecure-readyz,23089152,0.00005626113333333331,0,0,0,0
openshift-kube-apiserver,kube-apiserver-ip-10-0-131-155.us-east-2.compute.internal,kube-apiserver,1464180736,0.09329466663333316,0,0,0,0
openshift-kube-apiserver,kube-apiserver-ip-10-0-131-155.us-east-2.compute.internal,kube-apiserver-cert-regeneration-controller,64372736,0.0017471953333333327,0,0,0,0
openshift-kube-apiserver,kube-apiserver-ip-10-0-131-155.us-east-2.compute.internal,kube-apiserver-cert-syncer,40071168,0.0004651596333333341,0,0,0,0
openshift-kube-apiserver,kube-apiserver-ip-10-0-131-155.us-east-2.compute.internal,kube-apiserver-check-endpoints,63512576,0.0057844007666666645,0,0,0,0
openshift-kube-apiserver,kube-apiserver-ip-10-0-131-155.us-east-2.compute.internal,kube-apiserver-insecure-readyz,23089152,0.00005626113333333331,0,0,0,0
openshift-kube-apiserver,kube-apiserver-ip-10-0-131-155.us-east-2.compute.internal,kube-apiserver,1464180736,0.09329466663333316,0,0,0,0
openshift-kube-apiserver,kube-apiserver-ip-10-0-131-155.us-east-2.compute.internal,kube-apiserver-cert-regeneration-controller,64372736,0.0017471953333333327,0,0,0,0
openshift-kube-apiserver,kube-apiserver-ip-10-0-131-155.us-east-2.compute.internal,kube-apiserver-cert-syncer,40071168,0.0004651596333333341,0,0,0,0
openshift-kube-apiserver,kube-apiserver-ip-10-0-131-155.us-east-2.compute.internal,kube-apiserver-check-endpoints,63512576,0.0057844007666666645,0,0,0,0
openshift-kube-apiserver,kube-apiserver-ip-10-0-131-155.us-east-2.compute.internal,kube-apiserver-insecure-readyz,23089152,0.00005626113333333331,0,0,0,0
openshift-kube-controller-manager,kube-controller-manager-ip-10-0-131-155.us-east-2.compute.internal,cluster-policy-controller,191131648,0.008391752766666668,0,0,0,0
openshift-kube-controller-manager,kube-controller-manager-ip-10-0-131-155.us-east-2.compute.internal,kube-controller-manager,235610112,0.01975326269999999,0,0,0,0
openshift-kube-controller-manager,kube-controller-manager-ip-10-0-131-155.us-east-2.compute.internal,kube-controller-manager-cert-syncer,40071168,0.0016172684999999983,0,0,0,0
openshift-kube-controller-manager,kube-controller-manager-ip-10-0-131-155.us-east-2.compute.internal,kube-controller-manager-recovery-controller,45559808,0.0012111497000000027,0,0,0,0
openshift-kube-controller-manager,kube-controller-manager-ip-10-0-131-155.us-east-2.compute.internal,cluster-policy-controller,191131648,0.008391752766666668,0,0,0,0
openshift-kube-controller-manager,kube-controller-manager-ip-10-0-131-155.us-east-2.compute.internal,kube-controller-manager,235610112,0.01975326269999999,0,0,0,0
openshift-kube-controller-manager,kube-controller-manager-ip-10-0-131-155.us-east-2.compute.internal,kube-controller-manager-cert-syncer,40071168,0.0016172684999999983,0,0,0,0
openshift-kube-controller-manager,kube-controller-manager-ip-10-0-131-155.us-east-2.compute.internal,kube-controller-manager-recovery-controller,45559808,0.0012111497000000027,0,0,0,0
openshift-kube-controller-manager,kube-controller-manager-ip-10-0-131-155.us-east-2.compute.internal,cluster-policy-controller,191131648,0.008391752766666668,0,0,0,0
openshift-kube-controller-manager,kube-controller-manager-ip-10-0-131-155.us-east-2.compute.internal,kube-controller-manager,235610112,0.01975326269999999,0,0,0,0
openshift-kube-controller-manager,kube-controller-manager-ip-10-0-131-155.us-east-2.compute.internal,kube-controller-manager-cert-syncer,40071168,0.0016172684999999983,0,0,0,0
openshift-kube-controller-manager,kube-controller-manager-ip-10-0-131-155.us-east-2.compute.internal,kube-controller-manager-recovery-controller,45559808,0.0012111497000000027,0,0,0,0
openshift-kube-controller-manager,kube-controller-manager-ip-10-0-131-155.us-east-2.compute.internal,cluster-policy-controller,191131648,0.008391752766666668,0,0,0,0
openshift-kube-controller-manager,kube-controller-manager-ip-10-0-131-155.us-east-2.compute.internal,kube-controller-manager,235610112,0.01975326269999999,0,0,0,0
openshift-kube-controller-manager,kube-controller-manager-ip-10-0-131-155.us-east-2.compute.internal,kube-controller-manager-cert-syncer,40071168,0.0016172684999999983,0,0,0,0
openshift-kube-controller-manager,kube-controller-manager-ip-10-0-131-155.us-east-2.compute.internal,kube-controller-manager-recovery-controller,45559808,0.0012111497000000027,0,0,0,0
openshift-kube-controller-manager,kube-controller-manager-ip-10-0-131-155.us-east-2.compute.internal,cluster-policy-controller,191131648,0.008391752766666668,0,0,0,0
openshift-kube-controller-manager,kube-controller-manager-ip-10-0-131-155.us-east-2.compute.internal,kube-controller-manager,235610112,0.01975326269999999,0,0,0,0
openshift-kube-controller-manager,kube-controller-manager-ip-10-0-131-155.us-east-2.compute.internal,kube-controller-manager-cert-syncer,40071168,0.0016172684999999983,0,0,0,0
openshift-kube-controller-manager,kube-controller-manager-ip-10-0-131-155.us-east-2.compute.internal,kube-controller-manager-recovery-controller,45559808,0.0012111497000000027,0,0,0,0
openshift-kube-controller-manager,kube-controller-manager-ip-10-0-131-155.us-east-2.compute.internal,cluster-policy-controller,191131648,0.008391752766666668,0,0,0,0
openshift-kube-controller-manager,kube-controller-manager-ip-10-0-131-155.us-east-2.compute.internal,kube-controller-manager,235610112,0.01975326269999999,0,0,0,0
openshift-kube-controller-manager,kube-controller-manager-ip-10-0-131-155.us-east-2.compute.internal,kube-controller-manager-cert-syncer,40071168,0.0016172684999999983,0,0,0,0
openshift-kube-controller-manager,kube-controller-manager-ip-10-0-131-155.us-east-2.compute.internal,kube-controller-manager-recovery-controller,45559808,0.0012111497000000027,0,0,0,0
openshift-kube-controller-manager,kube-controller-manager-ip-10-0-131-155.us-east-2.compute.internal,cluster-policy-controller,191131648,0.008391752766666668,0,0,0,0
openshift-kube-controller-manager,kube-controller-manager-ip-10-0-131-155.us-east-2.compute.internal,kube-controller-manager,235610112,0.01975326269999999,0,0,0,0
openshift-kube-controller-manager,kube-controller-manager-ip-10-0-131-155.us-east-2.compute.internal,kube-controller-manager-cert-syncer,40071168,0.0016172684999999983,0,0,0,0
openshift-kube-controller-manager,kube-controller-manager-ip-10-0-131-155.us-east-2.compute.internal,kube-controller-manager-recovery-controller,45559808,0.0012111497000000027,0,0,0,0
openshift-kube-controller-manager,kube-controller-manager-ip-10-0-131-155.us-east-2.compute.internal,cluster-policy-controller,191131648,0.008391752766666668,0,0,0,0
openshift-kube-controller-manager,kube-controller-manager-ip-10-0-131-155.us-east-2.compute.internal,kube-controller-manager,235610112,0.01975326269999999,0,0,0,0
openshift-kube-controller-manager,kube-controller-manager-ip-10-0-131-155.us-east-2.compute.internal,kube-controller-manager-cert-syncer,40071168,0.0016172684999999983,0,0,0,0
openshift-kube-controller-manager,kube-controller-manager-ip-10-0-131-155.us-east-2.compute.internal,kube-controller-manager-recovery-controller,45559808,0.0012111497000000027,0,0,0,0
openshift-kube-controller-manager,kube-controller-manager-ip-10-0-131-155.us-east-2.compute.internal,cluster-policy-controller,191131648,0.008391752766666668,0,0,0,0
openshift-kube-controller-manager,kube-controller-manager-ip-10-0-131-155.us-east-2.compute.internal,kube-controller-manager,235610112,0.01975326269999999,0,0,0,0
openshift-kube-controller-manager,kube-controller-manager-ip-10-0-131-155.us-east-2.compute.internal,kube-controller-manager-cert-syncer,40071168,0.0016172684999999983,0,0,0,0
openshift-kube-controller-manager,kube-controller-manager-ip-10-0-131-155.us-east-2.compute.internal,kube-controller-manager-recovery-controller,45559808,0.0012111497000000027,0,0,0,0
openshift-kube-scheduler,openshift-kube-scheduler-ip-10-0-131-155.us-east-2.compute.internal,kube-scheduler,48730112,0.004343161566666654,0,0,0,0
openshift-kube-scheduler,openshift-kube-scheduler-ip-10-0-131-155.us-east-2.compute.internal,kube-scheduler-cert-syncer,34521088,0.000778924166666665,0,0,0,0
openshift-kube-scheduler,openshift-kube-scheduler-ip-10-0-131-155.us-east-2.compute.internal,kube-scheduler-recovery-controller,36343808,0.0006070772666666669,0,0,0,0
openshift-kube-scheduler,openshift-kube-scheduler-ip-10-0-131-155.us-east-2.compute.internal,kube-scheduler,48730112,0.004343161566666654,0,0,0,0
openshift-kube-scheduler,openshift-kube-scheduler-ip-10-0-131-155.us-east-2.compute.internal,kube-scheduler-cert-syncer,34521088,0.000778924166666665,0,0,0,0
openshift-kube-scheduler,openshift-kube-scheduler-ip-10-0-131-155.us-east-2.compute.internal,kube-scheduler-recovery-controller,36343808,0.0006070772666666669,0,0,0,0
openshift-kube-scheduler,openshift-kube-scheduler-ip-10-0-131-155.us-east-2.compute.internal,kube-scheduler,48758784,0.0018242410333333403,0,0,0,0
openshift-kube-scheduler,openshift-kube-scheduler-ip-10-0-131-155.us-east-2.compute.internal,kube-scheduler-cert-syncer,34250752,0.0015117103333333346,0,0,0,0
openshift-kube-scheduler,openshift-kube-scheduler-ip-10-0-131-155.us-east-2.compute.internal,kube-scheduler-recovery-controller,36343808,0.000987588266666665,0,0,0,0
openshift-kube-scheduler,openshift-kube-scheduler-ip-10-0-131-155.us-east-2.compute.internal,kube-scheduler,48758784,0.0018242410333333403,0,0,0,0
openshift-kube-scheduler,openshift-kube-scheduler-ip-10-0-131-155.us-east-2.compute.internal,kube-scheduler-cert-syncer,34250752,0.0015117103333333346,0,0,0,0
openshift-kube-scheduler,openshift-kube-scheduler-ip-10-0-131-155.us-east-2.compute.internal,kube-scheduler-recovery-controller,36343808,0.000987588266666665,0,0,0,0
openshift-kube-scheduler,openshift-kube-scheduler-ip-10-0-131-155.us-east-2.compute.internal,kube-scheduler,48758784,0.0018242410333333403,0,0,0,0
openshift-kube-scheduler,openshift-kube-scheduler-ip-10-0-131-155.us-east-2.compute.internal,kube-scheduler-cert-syncer,34250752,0.0015117103333333346,0,0,0,0
openshift-kube-scheduler,openshift-kube-scheduler-ip-10-0-131-155.us-east-2.compute.internal,kube-scheduler-recovery-controller,36343808,0.000987588266666665,0,0,0,0
openshift-kube-scheduler,openshift-kube-scheduler-ip-10-0-131-155.us-east-2.compute.internal,kube-scheduler,48758784,0.0018242410333333403,0,0,0,0
openshift-kube-scheduler,openshift-kube-scheduler-ip-10-0-131-155.us-east-2.compute.internal,kube-scheduler-cert-syncer,34250752,0.0015117103333333346,0,0,0,0
openshift-kube-scheduler,openshift-kube-scheduler-ip-10-0-131-155.us-east-2.compute.internal,kube-scheduler-recovery-controller,36343808,0.000987588266666665,0,0,0,0
openshift-kube-scheduler,openshift-kube-scheduler-ip-10-0-131-155.us-east-2.compute.internal,kube-scheduler,48758784,0.0018242410333333403,0,0,0,0
openshift-kube-scheduler,openshift-kube-scheduler-ip-10-0-131-155.us-east-2.compute.internal,kube-scheduler-cert-syncer,34250752,0.0015117103333333346,0,0,0,0
openshift-kube-scheduler,openshift-kube-scheduler-ip-10-0-131-155.us-east-2.compute.internal,kube-scheduler-recovery-controller,36343808,0.000987588266666665,0,0,0,0
openshift-marketplace,marketplace-operator-6d694db9cb-snrh8,marketplace-operator,61059072,0.0005254990666666719,0,0,0,0
openshift-marketplace,certified-operators-r4sjf,registry-server,289607680,0.0026315271000001417,0,0,0,0
openshift-marketplace,redhat-operators-b26hv,registry-server,400416768,0.001761919100000142,0,0,0,0
openshift-marketplace,community-operators-j48l8,registry-server,444739584,0.0026270780000004377,0,0,0,0
openshift-marketplace,redhat-marketplace-x4gzq,registry-server,114298880,0.0027098279333333864,0,0,0,0
openshift-marketplace,marketplace-operator-6d694db9cb-snrh8,marketplace-operator,61059072,0.0005254990666666719,0,0,0,0
openshift-marketplace,certified-operators-r4sjf,registry-server,289607680,0.0026315271000001417,0,0,0,0
openshift-marketplace,redhat-operators-b26hv,registry-server,400416768,0.001761919100000142,0,0,0,0
openshift-marketplace,community-operators-j48l8,registry-server,444739584,0.0026270780000004377,0,0,0,0
openshift-marketplace,redhat-marketplace-x4gzq,registry-server,114298880,0.0027098279333333864,0,0,0,0
openshift-marketplace,marketplace-operator-6d694db9cb-snrh8,marketplace-operator,61059072,0.0005254990666666719,0,0,0,0
openshift-marketplace,certified-operators-r4sjf,registry-server,289607680,0.0026315271000001417,0,0,0,0
openshift-marketplace,redhat-operators-b26hv,registry-server,400416768,0.001761919100000142,0,0,0,0
openshift-marketplace,community-operators-j48l8,registry-server,444739584,0.0026270780000004377,0,0,0,0
openshift-marketplace,redhat-marketplace-x4gzq,registry-server,114298880,0.0027098279333333864,0,0,0,0
openshift-marketplace,marketplace-operator-6d694db9cb-snrh8,marketplace-operator,61059072,0.0005254990666666719,0,0,0,0
openshift-marketplace,certified-operators-r4sjf,registry-server,289607680,0.0026315271000001417,0,0,0,0
openshift-marketplace,redhat-operators-b26hv,registry-server,400416768,0.001761919100000142,0,0,0,0
openshift-marketplace,community-operators-j48l8,registry-server,444739584,0.0026270780000004377,0,0,0,0
openshift-marketplace,redhat-marketplace-x4gzq,registry-server,114298880,0.0027098279333333864,0,0,0,0
openshift-cluster-csi-drivers,aws-ebs-csi-driver-controller-5c4c8c7dc6-xkcxl,attacher-kube-rbac-proxy,15413248,0.0001464151666666663,0,0,0,0
openshift-cluster-csi-drivers,aws-ebs-csi-driver-operator-c86865fd8-6s4nh,aws-ebs-csi-driver-operator,65179648,0.008846184900000005,0,0,0,0
openshift-cluster-csi-drivers,aws-ebs-csi-driver-controller-5c4c8c7dc6-xkcxl,csi-attacher,21573632,0.0010432978333333323,0,0,0,0
openshift-cluster-csi-drivers,aws-ebs-csi-driver-controller-5c4c8c7dc6-xkcxl,csi-driver,23736320,0.0007970476999999994,0,0,0,0
openshift-cluster-csi-drivers,aws-ebs-csi-driver-node-vjnqm,csi-driver,17580032,0.00011470353333333239,0,0,0,0
openshift-cluster-csi-drivers,aws-ebs-csi-driver-controller-5c4c8c7dc6-xkcxl,csi-liveness-probe,10518528,0.00016320053333333343,0,0,0,0
openshift-cluster-csi-drivers,aws-ebs-csi-driver-node-vjnqm,csi-liveness-probe,10936320,0.00018472953333333506,0,0,0,0
openshift-cluster-csi-drivers,aws-ebs-csi-driver-node-vjnqm,csi-node-driver-registrar,8417280,0.00002555243333333309,0,0,0,0
openshift-cluster-csi-drivers,aws-ebs-csi-driver-controller-5c4c8c7dc6-xkcxl,csi-provisioner,31764480,0.001388317766666669,0,0,0,0
openshift-cluster-csi-drivers,aws-ebs-csi-driver-controller-5c4c8c7dc6-xkcxl,csi-resizer,35119104,0.0001608321333333329,0,0,0,0
openshift-cluster-csi-drivers,aws-ebs-csi-driver-controller-5c4c8c7dc6-xkcxl,csi-snapshotter,19300352,0.0001776453666666659,0,0,0,0
openshift-cluster-csi-drivers,aws-ebs-csi-driver-controller-5c4c8c7dc6-xkcxl,driver-kube-rbac-proxy,16707584,0.00038358453333333373,0,0,0,0
openshift-cluster-csi-drivers,aws-ebs-csi-driver-controller-5c4c8c7dc6-xkcxl,provisioner-kube-rbac-proxy,16801792,0.0005910740666666673,0,0,0,0
openshift-cluster-csi-drivers,aws-ebs-csi-driver-controller-5c4c8c7dc6-xkcxl,resizer-kube-rbac-proxy,16744448,0.00015324823333333348,0,0,0,0
openshift-cluster-csi-drivers,aws-ebs-csi-driver-controller-5c4c8c7dc6-xkcxl,snapshotter-kube-rbac-proxy,14295040,0.00011072816666666726,0,0,0,0
openshift-controller-manager,controller-manager-8qxn6,controller-manager,171237376,0.00435247926666665,0,0,0,0
openshift-dns,dns-default-9cd8b,dns,39821312,0.003243414533333322,0,0,0,0
openshift-dns,node-resolver-tcrvt,dns-node-resolver,1925120,0,0,0,0,0
openshift-dns,dns-default-9cd8b,kube-rbac-proxy,16560128,0.00014303479999999978,0,0,0,0
openshift-ingress-canary,ingress-canary-rq5wm,serve-healthcheck-canary,20602880,0.00006055759999999966,0,0,0,0
openshift-machine-config-operator,machine-config-controller-7656695684-xmjm5,machine-config-controller,27279360,0.00017872179999999608,0,0,0,0
openshift-machine-config-operator,machine-config-daemon-vcgnl,machine-config-daemon,101683200,0.0005105445999999995,0,0,0,0
openshift-machine-config-operator,machine-config-operator-6797d6fc44-hts25,machine-config-operator,75169792,0.001029176766666658,0,0,0,0
openshift-machine-config-operator,machine-config-server-fbct7,machine-config-server,12165120,0.0010078356333333316,0,0,0,0
openshift-machine-config-operator,machine-config-daemon-vcgnl,oauth-proxy,24141824,0.00020357623333333574,0,0,0,0
openshift-machine-config-operator,machine-config-controller-7656695684-xmjm5,machine-config-controller,27279360,0.00017872179999999608,0,0,0,0
openshift-machine-config-operator,machine-config-daemon-vcgnl,machine-config-daemon,101683200,0.0005105445999999995,0,0,0,0
openshift-machine-config-operator,machine-config-operator-6797d6fc44-hts25,machine-config-operator,75169792,0.001029176766666658,0,0,0,0
openshift-machine-config-operator,machine-config-server-fbct7,machine-config-server,12165120,0.0010078356333333316,0,0,0,0
openshift-machine-config-operator,machine-config-daemon-vcgnl,oauth-proxy,24141824,0.00020357623333333574,0,0,0,0
openshift-multus,multus-bjpxf,kube-multus,48660480,0.010181192266666687,0,0,0,0
openshift-multus,multus-additional-cni-plugins-pkrmv,kube-multus-additional-cni-plugins,1232896,0,0,0,0,0
openshift-multus,multus-admission-controller-bmntg,kube-rbac-proxy,15392768,0.00005643686666666666,0,0,0,0
openshift-multus,network-metrics-daemon-xqt8b,kube-rbac-proxy,22421504,0.00006696269999999875,0,0,0,0
openshift-multus,multus-admission-controller-bmntg,multus-admission-controller,43016192,0.0006187045666666686,0,0,0,0
openshift-multus,network-metrics-daemon-xqt8b,network-metrics-daemon,42299392,0.0005160803666666677,0,0,0,0
openshift-multus,multus-bjpxf,kube-multus,48660480,0.010181192266666687,0,0,0,0
openshift-multus,multus-additional-cni-plugins-pkrmv,kube-multus-additional-cni-plugins,1232896,0,0,0,0,0
openshift-multus,multus-admission-controller-bmntg,kube-rbac-proxy,15392768,0.00005643686666666666,0,0,0,0
openshift-multus,network-metrics-daemon-xqt8b,kube-rbac-proxy,22421504,0.00006696269999999875,0,0,0,0
openshift-multus,multus-admission-controller-bmntg,multus-admission-controller,43016192,0.0006187045666666686,0,0,0,0
openshift-multus,network-metrics-daemon-xqt8b,network-metrics-daemon,42299392,0.0005160803666666677,0,0,0,0
openshift-multus,multus-bjpxf,kube-multus,48660480,0.010181192266666686,0,0,0,0
openshift-multus,multus-additional-cni-plugins-pkrmv,kube-multus-additional-cni-plugins,1232896,0,0,0,0,0
openshift-multus,multus-admission-controller-bmntg,kube-rbac-proxy,15392768,0.000056436866666666655,0,0,0,0
openshift-multus,network-metrics-daemon-xqt8b,kube-rbac-proxy,22421504,0.00006696269999999873,0,0,0,0
openshift-multus,multus-admission-controller-bmntg,multus-admission-controller,43016192,0.0006187045666666685,0,0,0,0
openshift-multus,network-metrics-daemon-xqt8b,network-metrics-daemon,42299392,0.0005160803666666675,0,0,0,0
openshift-network-diagnostics,network-check-source-6849bc5bb5-hcrlx,check-endpoints,64749568,0.0063351022666667,0,0,0,0
openshift-network-diagnostics,network-check-target-x97h6,network-check-target-container,5533696,0.00004905823333333318,0,0,0,0
openshift-multus,multus-bjpxf,kube-multus,48660480,0.010181192266666687,0,0,0,0
openshift-multus,multus-additional-cni-plugins-pkrmv,kube-multus-additional-cni-plugins,1232896,0,0,0,0,0
openshift-multus,multus-admission-controller-bmntg,kube-rbac-proxy,15392768,0.00005643686666666666,0,0,0,0
openshift-multus,network-metrics-daemon-xqt8b,kube-rbac-proxy,22421504,0.00006696269999999875,0,0,0,0
openshift-multus,multus-admission-controller-bmntg,multus-admission-controller,43016192,0.0006187045666666686,0,0,0,0
openshift-multus,network-metrics-daemon-xqt8b,network-metrics-daemon,42299392,0.0005160803666666677,0,0,0,0
openshift-image-registry,cluster-image-registry-operator-7dcc7d755d-kktd5,cluster-image-registry-operator,74235904,0.00192032516666667,0,0,0,0
openshift-image-registry,node-ca-wl7jh,node-ca,1847296,0.0004924427333333332,0,0,0,0
openshift-image-registry,image-registry-7997bf7687-zlmv9,registry,44261376,0.0007582111999999993,0,0,0,0
openshift-monitoring,alertmanager-main-0,alertmanager,25817088,0.00018573299999999904,0,0,0,0
openshift-monitoring,alertmanager-main-0,alertmanager-proxy,29319168,0.001161523400000005,0,0,0,0
openshift-monitoring,cluster-monitoring-operator-84b4b694fc-m7cs5,cluster-monitoring-operator,61947904,0.0002466860666666607,0,0,0,0
openshift-monitoring,alertmanager-main-0,config-reloader,8228864,0,0,0,0,0
openshift-monitoring,prometheus-k8s-0,config-reloader,11100160,0,0,0,0,0
openshift-monitoring,grafana-7dc4d757b4-4hsgk,grafana,78635008,0.007505035533333348,0,0,0,0
openshift-monitoring,grafana-7dc4d757b4-4hsgk,grafana-proxy,26935296,0.0013477574666666658,0,0,0,0
openshift-monitoring,alertmanager-main-0,kube-rbac-proxy,15798272,0.00003215633333333301,0,0,0,0
openshift-monitoring,telemeter-client-58bbdf46d5-q725l,kube-rbac-proxy,15044608,0.0003878843000000002,0,0,0,0
openshift-monitoring,prometheus-k8s-0,kube-rbac-proxy,15028224,0.0009632100000000013,0,0,0,0
openshift-monitoring,prometheus-operator-5bcc58f4c6-492fl,kube-rbac-proxy,20283392,0.0007132714999999993,0,0,0,0
openshift-monitoring,thanos-querier-7d79676448-9txms,kube-rbac-proxy,15568896,0.000031887166666667394,0,0,0,0
openshift-monitoring,node-exporter-hj46r,kube-rbac-proxy,15757312,0.0004579063666666679,0,0,0,0
openshift-monitoring,cluster-monitoring-operator-84b4b694fc-m7cs5,kube-rbac-proxy,15699968,0.0002558308333333333,0,0,0,0
openshift-monitoring,kube-state-metrics-65f656cd75-q9lsq,kube-rbac-proxy-main,13647872,0.001016781333333335,0,0,0,0
openshift-monitoring,openshift-state-metrics-7bc54ff57d-5qx2r,kube-rbac-proxy-main,14954496,0.0003164956333333339,0,0,0,0
openshift-monitoring,alertmanager-main-0,kube-rbac-proxy-metric,15564800,0.00036009366666666656,0,0,0,0
openshift-monitoring,grafana-7dc4d757b4-4hsgk,kube-rbac-proxy-metrics,16826368,0.0006496085000000004,0,0,0,0
openshift-monitoring,thanos-querier-7d79676448-9txms,kube-rbac-proxy-metrics,15339520,0.00035101443333333354,0,0,0,0
openshift-monitoring,thanos-querier-7d79676448-9txms,kube-rbac-proxy-rules,15839232,0.000028014500000000018,0,0,0,0
openshift-monitoring,kube-state-metrics-65f656cd75-q9lsq,kube-rbac-proxy-self,15753216,0.0007465059333333339,0,0,0,0
openshift-monitoring,openshift-state-metrics-7bc54ff57d-5qx2r,kube-rbac-proxy-self,14659584,0.00004570536666666699,0,0,0,0
openshift-monitoring,prometheus-k8s-0,kube-rbac-proxy-thanos,13271040,0.0002682964666666676,0,0,0,0
openshift-monitoring,kube-state-metrics-65f656cd75-q9lsq,kube-state-metrics,58531840,0.002818819733333333,0,0,0,0
openshift-monitoring,node-exporter-hj46r,node-exporter,28950528,0.01024097193333334,0,0,0,0
openshift-monitoring,thanos-querier-7d79676448-9txms,oauth-proxy,33386496,0.002704215700000005,0,0,0,0
openshift-monitoring,openshift-state-metrics-7bc54ff57d-5qx2r,openshift-state-metrics,18079744,0.0000691940000000002,0,0,0,0
openshift-monitoring,alertmanager-main-0,prom-label-proxy,7041024,0,0,0,0,0
openshift-monitoring,thanos-querier-7d79676448-9txms,prom-label-proxy,7049216,0,0,0,0,0
openshift-monitoring,prometheus-k8s-0,prometheus,1671380992,0.08804272219999992,0,0,0,0
openshift-monitoring,prometheus-adapter-85f9569d7d-sgt64,prometheus-adapter,47714304,0.005004042066666662,0,0,0,0
openshift-monitoring,prometheus-operator-5bcc58f4c6-492fl,prometheus-operator,132562944,0.00021095113333332213,0,0,0,0
openshift-monitoring,prometheus-k8s-0,prometheus-proxy,29929472,0.005328662266666669,0,0,0,0
openshift-monitoring,telemeter-client-58bbdf46d5-q725l,reload,6127616,0,0,0,0,0
openshift-monitoring,telemeter-client-58bbdf46d5-q725l,telemeter-client,27332608,0.0006441157333333327,0,0,0,0
openshift-monitoring,thanos-querier-7d79676448-9txms,thanos-query,77672448,0.0619155889,0,0,0,0
openshift-monitoring,prometheus-k8s-0,thanos-sidecar,36134912,0.019384714933333314,0,0,0,0
openshift-dns,dns-default-9cd8b,dns,39968768,0.0023049621999999973,0,0,0,0
openshift-dns,node-resolver-tcrvt,dns-node-resolver,1929216,0.00040166449999999945,0,0,0,0
openshift-dns,dns-default-9cd8b,kube-rbac-proxy,16560128,0.0003103307666666666,0,0,0,0
openshift-sdn,sdn-gqvpm,kube-rbac-proxy,14987264,0.000079158266666667,0,0,0,0
openshift-sdn,sdn-controller-bz9pb,kube-rbac-proxy,14663680,0.00005480393333333333,0,0,0,0
openshift-sdn,sdn-gqvpm,sdn,81141760,0.003478217666666635,0,0,0,0
openshift-sdn,sdn-controller-bz9pb,sdn-controller,33710080,0.0002297238666666664,0,0,0,0
openshift-sdn,sdn-gqvpm,kube-rbac-proxy,14987264,0.000079158266666667,0,0,0,0
openshift-sdn,sdn-controller-bz9pb,kube-rbac-proxy,14663680,0.00005480393333333333,0,0,0,0
openshift-sdn,sdn-gqvpm,sdn,81141760,0.003478217666666635,0,0,0,0
openshift-sdn,sdn-controller-bz9pb,sdn-controller,33710080,0.0002297238666666664,0,0,0,0
openshift-cluster-node-tuning-operator,cluster-node-tuning-operator-78f889dbc7-rbk4k,cluster-node-tuning-operator,30982144,0.00017132453333333354,0,0,0,0
openshift-cluster-node-tuning-operator,tuned-lbbkv,tuned,48070656,0.00020420643333333524,0,0,0,0
openshift-operator-lifecycle-manager,catalog-operator-6df89b9db7-ztkrr,catalog-operator,92418048,0.003936675666666659,0,0,0,0
openshift-operator-lifecycle-manager,olm-operator-664cbdf589-mb46n,olm-operator,147570688,0.003519833700000004,0,0,0,0
openshift-operator-lifecycle-manager,package-server-manager-697769458c-6nct8,package-server-manager,29822976,0.000297581366666666,0,0,0,0
openshift-operator-lifecycle-manager,packageserver-7fff59c7dc-gx8fc,packageserver,269451264,0.004759052033333333,0,0,0,0
openshift-operator-lifecycle-manager,catalog-operator-6df89b9db7-ztkrr,catalog-operator,92606464,0.003936675666666659,0,0,0,0
openshift-operator-lifecycle-manager,olm-operator-664cbdf589-mb46n,olm-operator,147574784,0.003519833700000004,0,0,0,0
openshift-operator-lifecycle-manager,package-server-manager-697769458c-6nct8,package-server-manager,29822976,0.000297581366666666,0,0,0,0
openshift-operator-lifecycle-manager,packageserver-7fff59c7dc-gx8fc,packageserver,269451264,0.004759052033333333,0,0,0,0
openshift-operator-lifecycle-manager,catalog-operator-6df89b9db7-ztkrr,catalog-operator,92606464,0.003936675666666659,0,0,0,0
openshift-operator-lifecycle-manager,olm-operator-664cbdf589-mb46n,olm-operator,147574784,0.003519833700000004,0,0,0,0
openshift-operator-lifecycle-manager,package-server-manager-697769458c-6nct8,package-server-manager,29822976,0.000297581366666666,0,0,0,0
openshift-operator-lifecycle-manager,packageserver-7fff59c7dc-gx8fc,packageserver,269451264,0.004759052033333333,0,0,0,0
openshift-etcd,etcd-ip-10-0-131-155.us-east-2.compute.internal,etcd,536170496,0.12379247570000018,0,0,0,0
openshift-etcd,etcd-ip-10-0-131-155.us-east-2.compute.internal,etcd-health-monitor,38203392,0.006298143133333293,0,0,0,0
openshift-etcd,etcd-ip-10-0-131-155.us-east-2.compute.internal,etcd-metrics,22454272,0.011455068099999959,0,0,0,0
openshift-etcd,etcd-ip-10-0-131-155.us-east-2.compute.internal,etcd-readyz,37527552,0.007456601100000023,0,0,0,0
openshift-etcd,etcd-ip-10-0-131-155.us-east-2.compute.internal,etcdctl,892928,0,0,0,0,0
openshift-kube-apiserver,kube-apiserver-ip-10-0-131-155.us-east-2.compute.internal,kube-apiserver,1478696960,0.22275395916666696,0,0,0,0
openshift-kube-apiserver,kube-apiserver-ip-10-0-131-155.us-east-2.compute.internal,kube-apiserver-cert-regeneration-controller,65200128,0.003026809333333332,0,0,0,0
openshift-kube-apiserver,kube-apiserver-ip-10-0-131-155.us-east-2.compute.internal,kube-apiserver-cert-syncer,39391232,0.000859046000000004,0,0,0,0
openshift-kube-apiserver,kube-apiserver-ip-10-0-131-155.us-east-2.compute.internal,kube-apiserver-check-endpoints,64708608,0.004059805533333331,0,0,0,0
openshift-kube-apiserver,kube-apiserver-ip-10-0-131-155.us-east-2.compute.internal,kube-apiserver-insecure-readyz,25198592,0.0005778392000000003,0,0,0,0
openshift-kube-controller-manager,kube-controller-manager-ip-10-0-131-155.us-east-2.compute.internal,cluster-policy-controller,191336448,0.003957025800000006,0,0,0,0
openshift-kube-controller-manager,kube-controller-manager-ip-10-0-131-155.us-east-2.compute.internal,kube-controller-manager,224432128,0.018974555266666707,0,0,0,0
openshift-kube-controller-manager,kube-controller-manager-ip-10-0-131-155.us-east-2.compute.internal,kube-controller-manager-cert-syncer,41078784,0.0017381906333333364,0,0,0,0
openshift-kube-controller-manager,kube-controller-manager-ip-10-0-131-155.us-east-2.compute.internal,kube-controller-manager-recovery-controller,45383680,0.0031735341333333296,0,0,0,0
openshift-kube-scheduler,openshift-kube-scheduler-ip-10-0-131-155.us-east-2.compute.internal,kube-scheduler,49266688,0.003165362933333338,0,0,0,0
openshift-kube-scheduler,openshift-kube-scheduler-ip-10-0-131-155.us-east-2.compute.internal,kube-scheduler-cert-syncer,34258944,0.0007977618333333325,0,0,0,0
openshift-kube-scheduler,openshift-kube-scheduler-ip-10-0-131-155.us-east-2.compute.internal,kube-scheduler-recovery-controller,36446208,0.0007531761333333368,0,0,0,0
openshift-oauth-apiserver,apiserver-546574f945-2kfhg,oauth-apiserver,78499840,0.022584520633333344,0,0,0,0
openshift-apiserver,apiserver-7994bd46cd-lt8lf,openshift-apiserver,199540736,0.04324220126666667,0,0,0,0
openshift-apiserver,apiserver-7994bd46cd-lt8lf,openshift-apiserver-check-endpoints,59576320,0.0026536067333333396,0,0,0,0
openshift-authentication-operator,authentication-operator-676fc6544c-f9v27,authentication-operator,148865024,0.018679059633333377,0,0,0,0
openshift-cluster-csi-drivers,aws-ebs-csi-driver-controller-5c4c8c7dc6-xkcxl,attacher-kube-rbac-proxy,15392768,0.000057918433333332504,0,0,0,0
openshift-cluster-csi-drivers,aws-ebs-csi-driver-operator-c86865fd8-6s4nh,aws-ebs-csi-driver-operator,67198976,0.005037685333333316,0,0,0,0
openshift-cluster-csi-drivers,aws-ebs-csi-driver-controller-5c4c8c7dc6-xkcxl,csi-attacher,23035904,0.0002630170000000006,0,0,0,0
openshift-cluster-csi-drivers,aws-ebs-csi-driver-controller-5c4c8c7dc6-xkcxl,csi-driver,23736320,0.00017516433333333487,0,0,0,0
openshift-cluster-csi-drivers,aws-ebs-csi-driver-node-vjnqm,csi-driver,17645568,0.00015098590000000022,0,0,0,0
openshift-cluster-csi-drivers,aws-ebs-csi-driver-controller-5c4c8c7dc6-xkcxl,csi-liveness-probe,10088448,0.00012949789999999923,0,0,0,0
openshift-cluster-csi-drivers,aws-ebs-csi-driver-node-vjnqm,csi-liveness-probe,10653696,0.0007036795000000003,0,0,0,0
openshift-cluster-csi-drivers,aws-ebs-csi-driver-node-vjnqm,csi-node-driver-registrar,8482816,0.000019379866666666596,0,0,0,0
openshift-cluster-csi-drivers,aws-ebs-csi-driver-controller-5c4c8c7dc6-xkcxl,csi-provisioner,32448512,0.0008069054999999992,0,0,0,0
openshift-cluster-csi-drivers,aws-ebs-csi-driver-controller-5c4c8c7dc6-xkcxl,csi-resizer,35246080,0.003137947500000001,0,0,0,0
openshift-cluster-csi-drivers,aws-ebs-csi-driver-controller-5c4c8c7dc6-xkcxl,csi-snapshotter,19554304,0.0004428409333333327,0,0,0,0
openshift-cluster-csi-drivers,aws-ebs-csi-driver-controller-5c4c8c7dc6-xkcxl,driver-kube-rbac-proxy,16707584,0.00007156540000000008,0,0,0,0
openshift-cluster-csi-drivers,aws-ebs-csi-driver-controller-5c4c8c7dc6-xkcxl,provisioner-kube-rbac-proxy,16805888,0.00009113860000000048,0,0,0,0
openshift-cluster-csi-drivers,aws-ebs-csi-driver-controller-5c4c8c7dc6-xkcxl,resizer-kube-rbac-proxy,16809984,0.0001293579999999998,0,0,0,0
openshift-cluster-csi-drivers,aws-ebs-csi-driver-controller-5c4c8c7dc6-xkcxl,snapshotter-kube-rbac-proxy,14528512,0.0002762602000000003,0,0,0,0
openshift-cluster-csi-drivers,aws-ebs-csi-driver-controller-5c4c8c7dc6-xkcxl,attacher-kube-rbac-proxy,15392768,0.000057918433333332504,0,0,0,0
openshift-cluster-csi-drivers,aws-ebs-csi-driver-operator-c86865fd8-6s4nh,aws-ebs-csi-driver-operator,67198976,0.005037685333333316,0,0,0,0
openshift-cluster-csi-drivers,aws-ebs-csi-driver-controller-5c4c8c7dc6-xkcxl,csi-attacher,23035904,0.0002630170000000006,0,0,0,0
openshift-cluster-csi-drivers,aws-ebs-csi-driver-controller-5c4c8c7dc6-xkcxl,csi-driver,23736320,0.00017516433333333487,0,0,0,0
openshift-cluster-csi-drivers,aws-ebs-csi-driver-node-vjnqm,csi-driver,17645568,0.00015098590000000022,0,0,0,0
openshift-cluster-csi-drivers,aws-ebs-csi-driver-controller-5c4c8c7dc6-xkcxl,csi-liveness-probe,10088448,0.00012949789999999923,0,0,0,0
openshift-cluster-csi-drivers,aws-ebs-csi-driver-node-vjnqm,csi-liveness-probe,10653696,0.0007036795000000003,0,0,0,0
openshift-cluster-csi-drivers,aws-ebs-csi-driver-node-vjnqm,csi-node-driver-registrar,8482816,0.000019379866666666596,0,0,0,0
openshift-cluster-csi-drivers,aws-ebs-csi-driver-controller-5c4c8c7dc6-xkcxl,csi-provisioner,32448512,0.0008069054999999992,0,0,0,0
openshift-cluster-csi-drivers,aws-ebs-csi-driver-controller-5c4c8c7dc6-xkcxl,csi-resizer,35246080,0.003137947500000001,0,0,0,0
openshift-cluster-csi-drivers,aws-ebs-csi-driver-controller-5c4c8c7dc6-xkcxl,csi-snapshotter,19554304,0.0004428409333333327,0,0,0,0
openshift-cluster-csi-drivers,aws-ebs-csi-driver-controller-5c4c8c7dc6-xkcxl,driver-kube-rbac-proxy,16707584,0.00007156540000000008,0,0,0,0
openshift-cluster-csi-drivers,aws-ebs-csi-driver-controller-5c4c8c7dc6-xkcxl,provisioner-kube-rbac-proxy,16805888,0.00009113860000000048,0,0,0,0
openshift-cluster-csi-drivers,aws-ebs-csi-driver-controller-5c4c8c7dc6-xkcxl,resizer-kube-rbac-proxy,16809984,0.0001293579999999998,0,0,0,0
openshift-cluster-csi-drivers,aws-ebs-csi-driver-controller-5c4c8c7dc6-xkcxl,snapshotter-kube-rbac-proxy,14528512,0.0002762602000000003,0,0,0,0
openshift-operator-lifecycle-manager,catalog-operator-6df89b9db7-ztkrr,catalog-operator,92606464,0.003936675666666659,0,0,0,0
openshift-operator-lifecycle-manager,olm-operator-664cbdf589-mb46n,olm-operator,147574784,0.003519833700000004,0,0,0,0
openshift-operator-lifecycle-manager,package-server-manager-697769458c-6nct8,package-server-manager,29822976,0.000297581366666666,0,0,0,0
openshift-operator-lifecycle-manager,packageserver-7fff59c7dc-gx8fc,packageserver,269451264,0.004759052033333333,0,0,0,0
openshift-cloud-credential-operator,cloud-credential-operator-7d56d5bb87-8fn6g,cloud-credential-operator,132341760,0.004122562733333327,0,0,0,0
openshift-cloud-credential-operator,cloud-credential-operator-7d56d5bb87-8fn6g,kube-rbac-proxy,17391616,0.00007552503333333275,0,0,0,0
openshift-cloud-credential-operator,pod-identity-webhook-6957b4cdc8-zh8k4,pod-identity-webhook,15011840,0.0005418673000000003,0,0,0,0
openshift-cloud-network-config-controller,cloud-network-config-controller-6897798458-w6r96,controller,19427328,0.0006367597000000002,0,0,0,0
openshift-machine-api,cluster-autoscaler-operator-58fd4b56d-djrqd,cluster-autoscaler-operator,39964672,0.001273535233333334,0,0,0,0
openshift-machine-api,cluster-baremetal-operator-7d585d4ff4-2zslw,cluster-baremetal-operator,26038272,0.00011737186666666566,0,0,0,0
openshift-machine-api,cluster-autoscaler-operator-58fd4b56d-djrqd,kube-rbac-proxy,15507456,0.00002031179999999836,0,0,0,0
openshift-machine-api,machine-api-operator-6fd56cbdf6-gppzz,kube-rbac-proxy,15822848,0.000060277966666666404,0,0,0,0
openshift-machine-api,cluster-baremetal-operator-7d585d4ff4-2zslw,kube-rbac-proxy,12947456,0.000030154266666666355,0,0,0,0
openshift-machine-api,machine-api-controllers-555b5bd68d-hcxl4,kube-rbac-proxy-machine-mtrc,14942208,0.0000860914666666666,0,0,0,0
openshift-machine-api,machine-api-controllers-555b5bd68d-hcxl4,kube-rbac-proxy-machineset-mtrc,17231872,0.00009891946666666743,0,0,0,0
openshift-machine-api,machine-api-controllers-555b5bd68d-hcxl4,kube-rbac-proxy-mhc-mtrc,17145856,0.00009187553333333358,0,0,0,0
openshift-machine-api,machine-api-operator-6fd56cbdf6-gppzz,machine-api-operator,29237248,0.0005388782666666647,0,0,0,0
openshift-machine-api,machine-api-controllers-555b5bd68d-hcxl4,machine-controller,31952896,0.0027173448000000025,0,0,0,0
openshift-machine-api,machine-api-controllers-555b5bd68d-hcxl4,machine-healthcheck-controller,25427968,0.0008481306666666688,0,0,0,0
openshift-machine-api,machine-api-controllers-555b5bd68d-hcxl4,machineset-controller,27299840,0.0006560625000000023,0,0,0,0
openshift-machine-api,machine-api-controllers-555b5bd68d-hcxl4,nodelink-controller,19103744,0.000445396233333332,0,0,0,0
openshift-machine-api,cluster-autoscaler-operator-58fd4b56d-djrqd,cluster-autoscaler-operator,39964672,0.0012735352333333337,0,0,0,0
openshift-machine-api,cluster-baremetal-operator-7d585d4ff4-2zslw,cluster-baremetal-operator,26038272,0.00011737186666666565,0,0,0,0
openshift-machine-api,cluster-autoscaler-operator-58fd4b56d-djrqd,kube-rbac-proxy,15507456,0.000020311799999998358,0,0,0,0
openshift-machine-api,machine-api-operator-6fd56cbdf6-gppzz,kube-rbac-proxy,15822848,0.0000602779666666664,0,0,0,0
openshift-machine-api,cluster-baremetal-operator-7d585d4ff4-2zslw,kube-rbac-proxy,12947456,0.000030154266666666352,0,0,0,0
openshift-machine-api,machine-api-controllers-555b5bd68d-hcxl4,kube-rbac-proxy-machine-mtrc,14942208,0.00008609146666666659,0,0,0,0
openshift-machine-api,machine-api-controllers-555b5bd68d-hcxl4,kube-rbac-proxy-machineset-mtrc,17231872,0.00009891946666666742,0,0,0,0
openshift-machine-api,machine-api-controllers-555b5bd68d-hcxl4,kube-rbac-proxy-mhc-mtrc,17145856,0.00009187553333333356,0,0,0,0
openshift-machine-api,machine-api-operator-6fd56cbdf6-gppzz,machine-api-operator,29237248,0.0005388782666666646,0,0,0,0
openshift-machine-api,machine-api-controllers-555b5bd68d-hcxl4,machine-controller,31952896,0.002717344800000002,0,0,0,0
openshift-machine-api,machine-api-controllers-555b5bd68d-hcxl4,machine-healthcheck-controller,25427968,0.0008481306666666687,0,0,0,0
openshift-machine-api,machine-api-controllers-555b5bd68d-hcxl4,machineset-controller,27299840,0.0006560625000000022,0,0,0,0
openshift-machine-api,machine-api-controllers-555b5bd68d-hcxl4,nodelink-controller,19103744,0.00044539623333333196,0,0,0,0
openshift-cloud-controller-manager-operator,cluster-cloud-controller-manager-operator-6d88fc79d7-cbjt2,cluster-cloud-controller-manager,29839360,0.0004256888666666662,0,0,0,0
openshift-cloud-controller-manager-operator,cluster-cloud-controller-manager-operator-6d88fc79d7-cbjt2,config-sync-controllers,36225024,0.0006164926666666718,0,0,0,0
openshift-image-registry,cluster-image-registry-operator-7dcc7d755d-kktd5,cluster-image-registry-operator,74567680,0.004904659766666667,0,0,0,0
openshift-image-registry,node-ca-wl7jh,node-ca,1847296,0,0,0,0,0
openshift-image-registry,image-registry-7997bf7687-zlmv9,registry,48500736,0.001327801533333332,0,0,0,0
openshift-monitoring,alertmanager-main-0,alertmanager,25833472,0.00016585663333333332,0,0,0,0
openshift-monitoring,alertmanager-main-0,alertmanager-proxy,29396992,0.0012727167333333343,0,0,0,0
openshift-monitoring,cluster-monitoring-operator-84b4b694fc-m7cs5,cluster-monitoring-operator,55828480,0.00035780219999998283,0,0,0,0
openshift-monitoring,alertmanager-main-0,config-reloader,8232960,0.000003631799999999814,0,0,0,0
openshift-monitoring,prometheus-k8s-0,config-reloader,11337728,0.000837977866666667,0,0,0,0
openshift-monitoring,grafana-7dc4d757b4-4hsgk,grafana,76664832,0.0036225710333333432,0,0,0,0
openshift-monitoring,grafana-7dc4d757b4-4hsgk,grafana-proxy,28708864,0.001165192066666661,0,0,0,0
openshift-monitoring,alertmanager-main-0,kube-rbac-proxy,15798272,0.00033046383333333314,0,0,0,0
openshift-monitoring,telemeter-client-58bbdf46d5-q725l,kube-rbac-proxy,15183872,0.0002539813666666631,0,0,0,0
openshift-monitoring,prometheus-k8s-0,kube-rbac-proxy,15028224,0.0002479816333333347,0,0,0,0
openshift-monitoring,prometheus-operator-5bcc58f4c6-492fl,kube-rbac-proxy,20344832,0.0003936732666666683,0,0,0,0
openshift-monitoring,thanos-querier-7d79676448-9txms,kube-rbac-proxy,15577088,0.0003048153666666664,0,0,0,0
openshift-monitoring,node-exporter-hj46r,kube-rbac-proxy,15581184,0.0009364381666666642,0,0,0,0
openshift-monitoring,cluster-monitoring-operator-84b4b694fc-m7cs5,kube-rbac-proxy,15634432,0.0000263930999999995,0,0,0,0
openshift-monitoring,kube-state-metrics-65f656cd75-q9lsq,kube-rbac-proxy-main,13647872,0.000539558433333335,0,0,0,0
openshift-monitoring,openshift-state-metrics-7bc54ff57d-5qx2r,kube-rbac-proxy-main,14954496,0.00006619649999999958,0,0,0,0
openshift-monitoring,alertmanager-main-0,kube-rbac-proxy-metric,15601664,0.0006759239666666656,0,0,0,0
openshift-monitoring,grafana-7dc4d757b4-4hsgk,kube-rbac-proxy-metrics,16961536,0.00036946803333333476,0,0,0,0
openshift-monitoring,thanos-querier-7d79676448-9txms,kube-rbac-proxy-metrics,15437824,0.0003325343999999989,0,0,0,0
openshift-monitoring,thanos-querier-7d79676448-9txms,kube-rbac-proxy-rules,16039936,0.00003123736666666617,0,0,0,0
openshift-monitoring,kube-state-metrics-65f656cd75-q9lsq,kube-rbac-proxy-self,15765504,0.0005115607000000003,0,0,0,0
openshift-monitoring,openshift-state-metrics-7bc54ff57d-5qx2r,kube-rbac-proxy-self,14667776,0.000050989500000000085,0,0,0,0
openshift-monitoring,prometheus-k8s-0,kube-rbac-proxy-thanos,13271040,0.00029178260000000116,0,0,0,0
openshift-monitoring,kube-state-metrics-65f656cd75-q9lsq,kube-state-metrics,59555840,0.0009801182666666628,0,0,0,0
openshift-monitoring,node-exporter-hj46r,node-exporter,29114368,0.01798338809999998,0,0,0,0
openshift-monitoring,thanos-querier-7d79676448-9txms,oauth-proxy,32935936,0.0025643557666666554,0,0,0,0
openshift-monitoring,openshift-state-metrics-7bc54ff57d-5qx2r,openshift-state-metrics,18198528,0.00011773340000000112,0,0,0,0
openshift-monitoring,alertmanager-main-0,prom-label-proxy,7041024,0,0,0,0,0
openshift-monitoring,thanos-querier-7d79676448-9txms,prom-label-proxy,7049216,0,0,0,0,0
openshift-monitoring,prometheus-k8s-0,prometheus,1676357632,0.07132934629999993,0,0,0,0
openshift-monitoring,prometheus-adapter-85f9569d7d-sgt64,prometheus-adapter,49991680,0.0038060580333333146,0,0,0,0
openshift-monitoring,prometheus-operator-5bcc58f4c6-492fl,prometheus-operator,159506432,0.03803573989999998,0,0,0,0
openshift-monitoring,prometheus-k8s-0,prometheus-proxy,30265344,0.004667370433333332,0,0,0,0
openshift-monitoring,telemeter-client-58bbdf46d5-q725l,reload,6168576,0.000031850366666666635,0,0,0,0
openshift-monitoring,telemeter-client-58bbdf46d5-q725l,telemeter-client,27336704,0.000058203599999999864,0,0,0,0
openshift-monitoring,thanos-querier-7d79676448-9txms,thanos-query,75362304,0.003083523333333341,0,0,0,0
openshift-monitoring,prometheus-k8s-0,thanos-sidecar,41033728,0.01415350703333337,0,0,0,0
openshift-cluster-node-tuning-operator,cluster-node-tuning-operator-78f889dbc7-rbk4k,cluster-node-tuning-operator,30990336,0.00013857153333333335,0,0,0,0
openshift-cluster-node-tuning-operator,tuned-lbbkv,tuned,48070656,0.0001896332333333343,0,0,0,0
openshift-cluster-samples-operator,cluster-samples-operator-7769d4c444-d4zgp,cluster-samples-operator,48689152,0.001849217000000003,0,0,0,0
openshift-cluster-samples-operator,cluster-samples-operator-7769d4c444-d4zgp,cluster-samples-operator-watch,26742784,0.0005763413333333338,0,0,0,0
openshift-cluster-storage-operator,cluster-storage-operator-5ffcd54456-vjcd7,cluster-storage-operator,94212096,0.005190909233333348,0,0,0,0
openshift-cluster-storage-operator,csi-snapshot-controller-operator-769fb855dd-4pjq8,csi-snapshot-controller-operator,68009984,0.0029935827333333444,0,0,0,0
openshift-cluster-storage-operator,csi-snapshot-controller-9987f6dd4-788mt,snapshot-controller,12570624,0.00013876303333333154,0,0,0,0
openshift-cluster-storage-operator,csi-snapshot-webhook-6fd6ddfbf5-zjnmf,webhook,7520256,0.000046604033333333404,0,0,0,0
openshift-cluster-version,cluster-version-operator-6b7c97b89d-xtnsj,cluster-version-operator,137236480,0.0003055169666666894,0,0,0,0
openshift-console,console-6ff4484d7f-l75x5,console,79511552,0.0037081193333333338,0,0,0,0
openshift-console,downloads-86bdb55b95-fdbzv,download-server,1501450240,0.000494890366666656,0,0,0,0
openshift-console-operator,console-operator-5854746d45-9tz2p,console-operator,84226048,0.00702341483333333,0,0,0,0
openshift-cluster-storage-operator,cluster-storage-operator-5ffcd54456-vjcd7,cluster-storage-operator,94212096,0.005190909233333348,0,0,0,0
openshift-cluster-storage-operator,csi-snapshot-controller-operator-769fb855dd-4pjq8,csi-snapshot-controller-operator,68009984,0.0029935827333333444,0,0,0,0
openshift-cluster-storage-operator,csi-snapshot-controller-9987f6dd4-788mt,snapshot-controller,12570624,0.00013876303333333154,0,0,0,0
openshift-cluster-storage-operator,csi-snapshot-webhook-6fd6ddfbf5-zjnmf,webhook,7520256,0.000046604033333333404,0,0,0,0
openshift-cluster-storage-operator,cluster-storage-operator-5ffcd54456-vjcd7,cluster-storage-operator,94212096,0.005190909233333348,0,0,0,0
openshift-cluster-storage-operator,csi-snapshot-controller-operator-769fb855dd-4pjq8,csi-snapshot-controller-operator,68009984,0.0029935827333333444,0,0,0,0
openshift-cluster-storage-operator,csi-snapshot-controller-9987f6dd4-788mt,snapshot-controller,12570624,0.00013876303333333154,0,0,0,0
openshift-cluster-storage-operator,csi-snapshot-webhook-6fd6ddfbf5-zjnmf,webhook,7520256,0.000046604033333333404,0,0,0,0
openshift-cluster-storage-operator,cluster-storage-operator-5ffcd54456-vjcd7,cluster-storage-operator,94416896,0.00748684096666666,0,0,0,0
openshift-cluster-storage-operator,csi-snapshot-controller-operator-769fb855dd-4pjq8,csi-snapshot-controller-operator,68145152,0.005198396333333329,0,0,0,0
openshift-cluster-storage-operator,csi-snapshot-controller-9987f6dd4-788mt,snapshot-controller,12603392,0.0002196328666666673,0,0,0,0
openshift-cluster-storage-operator,csi-snapshot-webhook-6fd6ddfbf5-zjnmf,webhook,7520256,0.000025776033333333356,0,0,0,0
openshift-dns-operator,dns-operator-6c7f8d6c7d-pn6d9,dns-operator,33165312,0.0015290747666666675,0,0,0,0
openshift-dns-operator,dns-operator-6c7f8d6c7d-pn6d9,kube-rbac-proxy,15069184,0.0005688386666666664,0,0,0,0
openshift-console,console-6ff4484d7f-l75x5,console,79527936,0.004649625099999947,0,0,0,0
openshift-console,downloads-86bdb55b95-fdbzv,download-server,1501495296,0.00033847863333333155,0,0,0,0
openshift-etcd-operator,etcd-operator-54f4b95589-xvf5b,etcd-operator,98676736,0.005741972900000026,0,0,0,0
openshift-monitoring,alertmanager-main-0,alertmanager,26464256,0.00018597920000000082,0,0,0,0
openshift-monitoring,alertmanager-main-0,alertmanager-proxy,28962816,0.0014810097000000021,0,0,0,0
openshift-monitoring,cluster-monitoring-operator-84b4b694fc-m7cs5,cluster-monitoring-operator,73449472,0.057610083300000024,0,0,0,0
openshift-monitoring,alertmanager-main-0,config-reloader,8347648,0.00024659903333333345,0,0,0,0
openshift-monitoring,prometheus-k8s-0,config-reloader,11329536,0,0,0,0,0
openshift-monitoring,grafana-7dc4d757b4-4hsgk,grafana,76922880,0.008663993866666667,0,0,0,0
openshift-monitoring,grafana-7dc4d757b4-4hsgk,grafana-proxy,28848128,0.0010921569333333324,0,0,0,0
openshift-monitoring,alertmanager-main-0,kube-rbac-proxy,15798272,0.00002855779999999993,0,0,0,0
openshift-monitoring,telemeter-client-58bbdf46d5-q725l,kube-rbac-proxy,15192064,0.0005506768666666699,0,0,0,0
openshift-monitoring,prometheus-k8s-0,kube-rbac-proxy,15032320,0.00043748376666666495,0,0,0,0
openshift-monitoring,prometheus-operator-5bcc58f4c6-492fl,kube-rbac-proxy,20344832,0.00020832426666666699,0,0,0,0
openshift-monitoring,thanos-querier-7d79676448-9txms,kube-rbac-proxy,15577088,0.00003644550000000043,0,0,0,0
openshift-monitoring,node-exporter-hj46r,kube-rbac-proxy,15581184,0.00043485476666666655,0,0,0,0
openshift-monitoring,cluster-monitoring-operator-84b4b694fc-m7cs5,kube-rbac-proxy,15634432,0.000018617866666666612,0,0,0,0
openshift-monitoring,kube-state-metrics-65f656cd75-q9lsq,kube-rbac-proxy-main,13647872,0.0005367051999999983,0,0,0,0
openshift-monitoring,openshift-state-metrics-7bc54ff57d-5qx2r,kube-rbac-proxy-main,14987264,0.00006369476666666744,0,0,0,0
openshift-monitoring,alertmanager-main-0,kube-rbac-proxy-metric,15601664,0.00047272143333333406,0,0,0,0
openshift-monitoring,grafana-7dc4d757b4-4hsgk,kube-rbac-proxy-metrics,16834560,0.0003138136333333338,0,0,0,0
openshift-monitoring,thanos-querier-7d79676448-9txms,kube-rbac-proxy-metrics,15437824,0.00038521079999999835,0,0,0,0
openshift-monitoring,thanos-querier-7d79676448-9txms,kube-rbac-proxy-rules,15908864,0.00002943103333333345,0,0,0,0
openshift-monitoring,kube-state-metrics-65f656cd75-q9lsq,kube-rbac-proxy-self,15945728,0.0005067510000000016,0,0,0,0
openshift-monitoring,openshift-state-metrics-7bc54ff57d-5qx2r,kube-rbac-proxy-self,14667776,0.00005178373333333356,0,0,0,0
openshift-monitoring,prometheus-k8s-0,kube-rbac-proxy-thanos,13271040,0.0005755551333333312,0,0,0,0
openshift-monitoring,kube-state-metrics-65f656cd75-q9lsq,kube-state-metrics,60567552,0.0007744363000000032,0,0,0,0
openshift-monitoring,node-exporter-hj46r,node-exporter,28925952,0.010337539266666695,0,0,0,0
openshift-monitoring,thanos-querier-7d79676448-9txms,oauth-proxy,33894400,0.002893232166666667,0,0,0,0
openshift-monitoring,openshift-state-metrics-7bc54ff57d-5qx2r,openshift-state-metrics,18432000,0.0003944244666666652,0,0,0,0
openshift-monitoring,alertmanager-main-0,prom-label-proxy,7041024,0.00000025379999999986893,0,0,0,0
openshift-monitoring,thanos-querier-7d79676448-9txms,prom-label-proxy,7049216,0.0000009494333333331939,0,0,0,0
openshift-monitoring,prometheus-k8s-0,prometheus,1677369344,0.09259687163333344,0,0,0,0
openshift-monitoring,prometheus-adapter-85f9569d7d-sgt64,prometheus-adapter,52056064,0.006513847200000011,0,0,0,0
openshift-monitoring,prometheus-operator-5bcc58f4c6-492fl,prometheus-operator,152961024,0.03915888009999999,0,0,0,0
openshift-monitoring,prometheus-k8s-0,prometheus-proxy,30576640,0.00657667603333334,0,0,0,0
openshift-monitoring,telemeter-client-58bbdf46d5-q725l,reload,6168576,0,0,0,0,0
openshift-monitoring,telemeter-client-58bbdf46d5-q725l,telemeter-client,29503488,0.0002683251999999997,0,0,0,0
openshift-monitoring,thanos-querier-7d79676448-9txms,thanos-query,73502720,0.01797886576666663,0,0,0,0
openshift-monitoring,prometheus-k8s-0,thanos-sidecar,41701376,0.005567813699999983,0,0,0,0
openshift-image-registry,cluster-image-registry-operator-7dcc7d755d-kktd5,cluster-image-registry-operator,74555392,0.0019579139666666616,0,0,0,0
openshift-image-registry,node-ca-wl7jh,node-ca,1867776,0.0005090858333333337,0,0,0,0
openshift-image-registry,image-registry-7997bf7687-zlmv9,registry,48570368,0.0005664116666666663,0,0,0,0
openshift-ingress-operator,ingress-operator-54569db88c-57krf,ingress-operator,146722816,0.002958256033333336,0,0,0,0
openshift-ingress-operator,ingress-operator-54569db88c-57krf,kube-rbac-proxy,15040512,0.00009170370000000002,0,0,0,0
openshift-insights,insights-operator-7647c5bc4f-b7bwn,insights-operator,68296704,0.002005196299999993,0,0,0,0
openshift-kube-apiserver-operator,kube-apiserver-operator-6b897dbf4b-d2chp,kube-apiserver-operator,154652672,0.02908758496666663,0,0,0,0
openshift-kube-controller-manager-operator,kube-controller-manager-operator-7dd897fb57-h6hfr,kube-controller-manager-operator,97439744,0.011356130833333348,0,0,0,0
openshift-monitoring,alertmanager-main-0,alertmanager,26464256,0.00018597920000000082,0,0,0,0
openshift-monitoring,alertmanager-main-0,alertmanager-proxy,28962816,0.0014810097000000021,0,0,0,0
openshift-monitoring,cluster-monitoring-operator-84b4b694fc-m7cs5,cluster-monitoring-operator,73449472,0.057610083300000024,0,0,0,0
openshift-monitoring,alertmanager-main-0,config-reloader,8347648,0.00024659903333333345,0,0,0,0
openshift-monitoring,prometheus-k8s-0,config-reloader,11329536,0,0,0,0,0
openshift-monitoring,grafana-7dc4d757b4-4hsgk,grafana,76922880,0.008663993866666667,0,0,0,0
openshift-monitoring,grafana-7dc4d757b4-4hsgk,grafana-proxy,28848128,0.0010921569333333324,0,0,0,0
openshift-monitoring,alertmanager-main-0,kube-rbac-proxy,15798272,0.00002855779999999993,0,0,0,0
openshift-monitoring,telemeter-client-58bbdf46d5-q725l,kube-rbac-proxy,15192064,0.0005506768666666699,0,0,0,0
openshift-monitoring,prometheus-k8s-0,kube-rbac-proxy,15032320,0.00043748376666666495,0,0,0,0
openshift-monitoring,prometheus-operator-5bcc58f4c6-492fl,kube-rbac-proxy,20344832,0.00020832426666666699,0,0,0,0
openshift-monitoring,thanos-querier-7d79676448-9txms,kube-rbac-proxy,15577088,0.00003644550000000043,0,0,0,0
openshift-monitoring,node-exporter-hj46r,kube-rbac-proxy,15581184,0.00043485476666666655,0,0,0,0
openshift-monitoring,cluster-monitoring-operator-84b4b694fc-m7cs5,kube-rbac-proxy,15634432,0.000018617866666666612,0,0,0,0
openshift-monitoring,kube-state-metrics-65f656cd75-q9lsq,kube-rbac-proxy-main,13647872,0.0005367051999999983,0,0,0,0
openshift-monitoring,openshift-state-metrics-7bc54ff57d-5qx2r,kube-rbac-proxy-main,14987264,0.00006369476666666744,0,0,0,0
openshift-monitoring,alertmanager-main-0,kube-rbac-proxy-metric,15601664,0.00047272143333333406,0,0,0,0
openshift-monitoring,grafana-7dc4d757b4-4hsgk,kube-rbac-proxy-metrics,16834560,0.0003138136333333338,0,0,0,0
openshift-monitoring,thanos-querier-7d79676448-9txms,kube-rbac-proxy-metrics,15437824,0.00038521079999999835,0,0,0,0
openshift-monitoring,thanos-querier-7d79676448-9txms,kube-rbac-proxy-rules,15908864,0.00002943103333333345,0,0,0,0
openshift-monitoring,kube-state-metrics-65f656cd75-q9lsq,kube-rbac-proxy-self,15945728,0.0005067510000000016,0,0,0,0
openshift-monitoring,openshift-state-metrics-7bc54ff57d-5qx2r,kube-rbac-proxy-self,14667776,0.00005178373333333356,0,0,0,0
openshift-monitoring,prometheus-k8s-0,kube-rbac-proxy-thanos,13271040,0.0005755551333333312,0,0,0,0
openshift-monitoring,kube-state-metrics-65f656cd75-q9lsq,kube-state-metrics,60567552,0.0007744363000000032,0,0,0,0
openshift-monitoring,node-exporter-hj46r,node-exporter,28925952,0.010337539266666695,0,0,0,0
openshift-monitoring,thanos-querier-7d79676448-9txms,oauth-proxy,33894400,0.002893232166666667,0,0,0,0
openshift-monitoring,openshift-state-metrics-7bc54ff57d-5qx2r,openshift-state-metrics,18432000,0.0003944244666666652,0,0,0,0
openshift-monitoring,alertmanager-main-0,prom-label-proxy,7041024,0.00000025379999999986893,0,0,0,0
openshift-monitoring,thanos-querier-7d79676448-9txms,prom-label-proxy,7049216,0.0000009494333333331939,0,0,0,0
openshift-monitoring,prometheus-k8s-0,prometheus,1677369344,0.09259687163333344,0,0,0,0
openshift-monitoring,prometheus-adapter-85f9569d7d-sgt64,prometheus-adapter,52056064,0.006513847200000011,0,0,0,0
openshift-monitoring,prometheus-operator-5bcc58f4c6-492fl,prometheus-operator,152961024,0.03915888009999999,0,0,0,0
openshift-monitoring,prometheus-k8s-0,prometheus-proxy,30576640,0.00657667603333334,0,0,0,0
openshift-monitoring,telemeter-client-58bbdf46d5-q725l,reload,6168576,0,0,0,0,0
openshift-monitoring,telemeter-client-58bbdf46d5-q725l,telemeter-client,29503488,0.0002683251999999997,0,0,0,0
openshift-monitoring,thanos-querier-7d79676448-9txms,thanos-query,73502720,0.01797886576666663,0,0,0,0
openshift-monitoring,prometheus-k8s-0,thanos-sidecar,41701376,0.005567813699999983,0,0,0,0
openshift-kube-storage-version-migrator-operator,kube-storage-version-migrator-operator-6447f878c5-pl9t5,kube-storage-version-migrator-operator,41594880,0.0019357337999999983,0,0,0,0
openshift-machine-api,cluster-autoscaler-operator-58fd4b56d-djrqd,cluster-autoscaler-operator,39968768,0.0004661619666666672,0,0,0,0
openshift-machine-api,cluster-baremetal-operator-7d585d4ff4-2zslw,cluster-baremetal-operator,26038272,0.000037206766666667925,0,0,0,0
openshift-machine-api,cluster-autoscaler-operator-58fd4b56d-djrqd,kube-rbac-proxy,15507456,0.00007142346666666836,0,0,0,0
openshift-machine-api,machine-api-operator-6fd56cbdf6-gppzz,kube-rbac-proxy,15822848,0.00006050473333333306,0,0,0,0
openshift-machine-api,cluster-baremetal-operator-7d585d4ff4-2zslw,kube-rbac-proxy,12947456,0.000023453833333333952,0,0,0,0
openshift-machine-api,machine-api-controllers-555b5bd68d-hcxl4,kube-rbac-proxy-machine-mtrc,14946304,0.00013983606666666723,0,0,0,0
openshift-machine-api,machine-api-controllers-555b5bd68d-hcxl4,kube-rbac-proxy-machineset-mtrc,17231872,0.00006091686666666596,0,0,0,0
openshift-machine-api,machine-api-controllers-555b5bd68d-hcxl4,kube-rbac-proxy-mhc-mtrc,17268736,0.00014590836666666568,0,0,0,0
openshift-machine-api,machine-api-operator-6fd56cbdf6-gppzz,machine-api-operator,29691904,0.0003264721666666655,0,0,0,0
openshift-machine-api,machine-api-controllers-555b5bd68d-hcxl4,machine-controller,32686080,0.0007245149333333349,0,0,0,0
openshift-machine-api,machine-api-controllers-555b5bd68d-hcxl4,machine-healthcheck-controller,27394048,0.0008829829999999965,0,0,0,0
openshift-machine-api,machine-api-controllers-555b5bd68d-hcxl4,machineset-controller,27422720,0.0006530704666666646,0,0,0,0
openshift-machine-api,machine-api-controllers-555b5bd68d-hcxl4,nodelink-controller,19107840,0.0006016075000000009,0,0,0,0
openshift-machine-api,cluster-autoscaler-operator-58fd4b56d-djrqd,cluster-autoscaler-operator,39968768,0.0004661619666666672,0,0,0,0
openshift-machine-api,cluster-baremetal-operator-7d585d4ff4-2zslw,cluster-baremetal-operator,26038272,0.000037206766666667925,0,0,0,0
openshift-machine-api,cluster-autoscaler-operator-58fd4b56d-djrqd,kube-rbac-proxy,15507456,0.00007142346666666836,0,0,0,0
openshift-machine-api,machine-api-operator-6fd56cbdf6-gppzz,kube-rbac-proxy,15822848,0.00006050473333333306,0,0,0,0
openshift-machine-api,cluster-baremetal-operator-7d585d4ff4-2zslw,kube-rbac-proxy,12947456,0.000023453833333333952,0,0,0,0
openshift-machine-api,machine-api-controllers-555b5bd68d-hcxl4,kube-rbac-proxy-machine-mtrc,14946304,0.00013983606666666723,0,0,0,0
openshift-machine-api,machine-api-controllers-555b5bd68d-hcxl4,kube-rbac-proxy-machineset-mtrc,17231872,0.00006091686666666596,0,0,0,0
openshift-machine-api,machine-api-controllers-555b5bd68d-hcxl4,kube-rbac-proxy-mhc-mtrc,17268736,0.00014590836666666568,0,0,0,0
openshift-machine-api,machine-api-operator-6fd56cbdf6-gppzz,machine-api-operator,29691904,0.0003264721666666655,0,0,0,0
openshift-machine-api,machine-api-controllers-555b5bd68d-hcxl4,machine-controller,32686080,0.0007245149333333349,0,0,0,0
openshift-machine-api,machine-api-controllers-555b5bd68d-hcxl4,machine-healthcheck-controller,27394048,0.0008829829999999965,0,0,0,0
openshift-machine-api,machine-api-controllers-555b5bd68d-hcxl4,machineset-controller,27422720,0.0006530704666666646,0,0,0,0
openshift-machine-api,machine-api-controllers-555b5bd68d-hcxl4,nodelink-controller,19107840,0.0006016075000000009,0,0,0,0
openshift-cluster-machine-approver,machine-approver-7cb75cbd7f-wcg4p,kube-rbac-proxy,17219584,0.00013941253333333477,0,0,0,0
openshift-cluster-machine-approver,machine-approver-7cb75cbd7f-wcg4p,machine-approver-controller,62275584,0.003773287566666668,0,0,0,0
openshift-machine-config-operator,machine-config-controller-7656695684-xmjm5,machine-config-controller,27660288,0.0003319389333333348,0,0,0,0
openshift-machine-config-operator,machine-config-daemon-vcgnl,machine-config-daemon,102084608,0.0005115359000000004,0,0,0,0
openshift-machine-config-operator,machine-config-operator-6797d6fc44-hts25,machine-config-operator,86331392,0.004260280700000004,0,0,0,0
openshift-machine-config-operator,machine-config-server-fbct7,machine-config-server,12861440,0.000780879333333336,0,0,0,0
openshift-machine-config-operator,machine-config-daemon-vcgnl,oauth-proxy,24236032,0.0001685842666666641,0,0,0,0
openshift-machine-config-operator,machine-config-controller-7656695684-xmjm5,machine-config-controller,27660288,0.0003319389333333348,0,0,0,0
openshift-machine-config-operator,machine-config-daemon-vcgnl,machine-config-daemon,102084608,0.0005115359000000004,0,0,0,0
openshift-machine-config-operator,machine-config-operator-6797d6fc44-hts25,machine-config-operator,86331392,0.004260280700000004,0,0,0,0
openshift-machine-config-operator,machine-config-server-fbct7,machine-config-server,12861440,0.000780879333333336,0,0,0,0
openshift-machine-config-operator,machine-config-daemon-vcgnl,oauth-proxy,24236032,0.0001685842666666641,0,0,0,0
openshift-marketplace,marketplace-operator-6d694db9cb-snrh8,marketplace-operator,61079552,0.001495160033333335,0,0,0,0
openshift-marketplace,certified-operators-r4sjf,registry-server,291864576,0.0017696160333334392,0,0,0,0
openshift-marketplace,redhat-operators-b26hv,registry-server,401756160,0.0058225616333331225,0,0,0,0
openshift-marketplace,community-operators-j48l8,registry-server,448106496,0.0025526927666665714,0,0,0,0
openshift-marketplace,redhat-marketplace-x4gzq,registry-server,125890560,0.002684091333333308,0,0,0,0
openshift-kube-storage-version-migrator,migrator-59bffc557-grtdc,migrator,16412672,0.00013092566666666656,0,0,0,0
openshift-network-diagnostics,network-check-source-6849bc5bb5-hcrlx,check-endpoints,66019328,0.002610769166666671,0,0,0,0
openshift-network-diagnostics,network-check-target-x97h6,network-check-target-container,5554176,0.00003595353333333319,0,0,0,0
openshift-network-operator,network-operator-6b67cd475c-nqg5n,network-operator,137121792,0.0028056141666666554,0,0,0,0
openshift-authentication,oauth-openshift-68c5f8c484-qvb8d,oauth-openshift,43442176,0.005616106433333338,0,0,0,0
openshift-operator-lifecycle-manager,catalog-operator-6df89b9db7-ztkrr,catalog-operator,93646848,0.000681670066666662,0,0,0,0
openshift-operator-lifecycle-manager,olm-operator-664cbdf589-mb46n,olm-operator,146608128,0.0031120443333333193,0,0,0,0
openshift-operator-lifecycle-manager,package-server-manager-697769458c-6nct8,package-server-manager,29843456,0.0012211630666666676,0,0,0,0
openshift-operator-lifecycle-manager,packageserver-7fff59c7dc-gx8fc,packageserver,256499712,0.0025540577666666544,0,0,0,0
openshift-apiserver-operator,openshift-apiserver-operator-76df5dfb44-wv9ct,openshift-apiserver-operator,129044480,0.013292295666666653,0,0,0,0
openshift-config-operator,openshift-config-operator-94df59f9-lv6fq,openshift-config-operator,59793408,0.010062507066666686,0,0,0,0
openshift-controller-manager-operator,openshift-controller-manager-operator-6bdd59c9d5-v7spm,openshift-controller-manager-operator,78319616,0.006978497866666652,0,0,0,0
openshift-kube-scheduler-operator,openshift-kube-scheduler-operator-8575cc8c4-qpg9h,kube-scheduler-operator-container,86298624,0.008530760300000011,0,0,0,0
openshift-monitoring,alertmanager-main-0,alertmanager,26476544,0.00011499986666666702,0,0,0,0
openshift-monitoring,alertmanager-main-0,alertmanager-proxy,29155328,0.0008961553666666659,0,0,0,0
openshift-monitoring,cluster-monitoring-operator-84b4b694fc-m7cs5,cluster-monitoring-operator,73449472,0.0002662250333333264,0,0,0,0
openshift-monitoring,alertmanager-main-0,config-reloader,8347648,0,0,0,0,0
openshift-monitoring,prometheus-k8s-0,config-reloader,11329536,0.0000009558333333326007,0,0,0,0
openshift-monitoring,grafana-7dc4d757b4-4hsgk,grafana,76742656,0.004995105199999994,0,0,0,0
openshift-monitoring,grafana-7dc4d757b4-4hsgk,grafana-proxy,28729344,0.0011595424666666668,0,0,0,0
openshift-monitoring,alertmanager-main-0,kube-rbac-proxy,15798272,0.00003446863333333346,0,0,0,0
openshift-monitoring,telemeter-client-58bbdf46d5-q725l,kube-rbac-proxy,15192064,0.00026058346666666397,0,0,0,0
openshift-monitoring,prometheus-k8s-0,kube-rbac-proxy,15032320,0.0004073352666666678,0,0,0,0
openshift-monitoring,prometheus-operator-5bcc58f4c6-492fl,kube-rbac-proxy,20348928,0.0007033207333333309,0,0,0,0
openshift-monitoring,thanos-querier-7d79676448-9txms,kube-rbac-proxy,15577088,0.00002839079999999994,0,0,0,0
openshift-monitoring,node-exporter-hj46r,kube-rbac-proxy,15585280,0.0004704820666666665,0,0,0,0
openshift-monitoring,cluster-monitoring-operator-84b4b694fc-m7cs5,kube-rbac-proxy,15634432,0.000033114200000000646,0,0,0,0
openshift-monitoring,kube-state-metrics-65f656cd75-q9lsq,kube-rbac-proxy-main,13705216,0.0007109181666666667,0,0,0,0
openshift-monitoring,openshift-state-metrics-7bc54ff57d-5qx2r,kube-rbac-proxy-main,14987264,0.00003947893333333304,0,0,0,0
openshift-monitoring,alertmanager-main-0,kube-rbac-proxy-metric,15601664,0.00029199023333333166,0,0,0,0
openshift-monitoring,grafana-7dc4d757b4-4hsgk,kube-rbac-proxy-metrics,16871424,0.0007266921999999972,0,0,0,0
openshift-monitoring,thanos-querier-7d79676448-9txms,kube-rbac-proxy-metrics,15437824,0.0004250501333333342,0,0,0,0
openshift-monitoring,thanos-querier-7d79676448-9txms,kube-rbac-proxy-rules,15908864,0.000019688633333333113,0,0,0,0
openshift-monitoring,kube-state-metrics-65f656cd75-q9lsq,kube-rbac-proxy-self,16072704,0.000649365299999997,0,0,0,0
openshift-monitoring,openshift-state-metrics-7bc54ff57d-5qx2r,kube-rbac-proxy-self,14663680,0.000041288166666667014,0,0,0,0
openshift-monitoring,prometheus-k8s-0,kube-rbac-proxy-thanos,13271040,0.00044547589999999936,0,0,0,0
openshift-monitoring,kube-state-metrics-65f656cd75-q9lsq,kube-state-metrics,60796928,0.0012634475333333321,0,0,0,0
openshift-monitoring,node-exporter-hj46r,node-exporter,29470720,0.011712271233333323,0,0,0,0
openshift-monitoring,thanos-querier-7d79676448-9txms,oauth-proxy,33177600,0.0032362953666666677,0,0,0,0
openshift-monitoring,openshift-state-metrics-7bc54ff57d-5qx2r,openshift-state-metrics,18432000,0.000031692066666668314,0,0,0,0
openshift-monitoring,alertmanager-main-0,prom-label-proxy,7041024,0.000002029299999999993,0,0,0,0
openshift-monitoring,thanos-querier-7d79676448-9txms,prom-label-proxy,7049216,0,0,0,0,0
openshift-monitoring,prometheus-k8s-0,prometheus,1667522560,0.09445950576666652,0,0,0,0
openshift-monitoring,prometheus-adapter-85f9569d7d-sgt64,prometheus-adapter,52240384,0.0028908211999999858,0,0,0,0
openshift-monitoring,prometheus-operator-5bcc58f4c6-492fl,prometheus-operator,154304512,0.0006389092666667059,0,0,0,0
openshift-monitoring,prometheus-k8s-0,prometheus-proxy,30597120,0.004566879400000001,0,0,0,0
openshift-monitoring,telemeter-client-58bbdf46d5-q725l,reload,6176768,0.00001586090000000017,0,0,0,0
openshift-monitoring,telemeter-client-58bbdf46d5-q725l,telemeter-client,29507584,0.000060658666666666784,0,0,0,0
openshift-monitoring,thanos-querier-7d79676448-9txms,thanos-query,75563008,0.012539375733333339,0,0,0,0
openshift-monitoring,prometheus-k8s-0,thanos-sidecar,42831872,0.007244156433333338,0,0,0,0
openshift-operator-lifecycle-manager,catalog-operator-6df89b9db7-ztkrr,catalog-operator,94875648,0.004993061500000007,0,0,0,0
openshift-operator-lifecycle-manager,olm-operator-664cbdf589-mb46n,olm-operator,146673664,0.005430916033333321,0,0,0,0
openshift-operator-lifecycle-manager,package-server-manager-697769458c-6nct8,package-server-manager,29847552,0.0005355236666666671,0,0,0,0
openshift-operator-lifecycle-manager,packageserver-7fff59c7dc-gx8fc,packageserver,256495616,0.0036244188333333462,0,0,0,0
openshift-operator-lifecycle-manager,catalog-operator-6df89b9db7-ztkrr,catalog-operator,94875648,0.004993061500000007,0,0,0,0
openshift-operator-lifecycle-manager,olm-operator-664cbdf589-mb46n,olm-operator,146673664,0.005430916033333321,0,0,0,0
openshift-operator-lifecycle-manager,package-server-manager-697769458c-6nct8,package-server-manager,29847552,0.0005355236666666671,0,0,0,0
openshift-operator-lifecycle-manager,packageserver-7fff59c7dc-gx8fc,packageserver,256495616,0.0036244188333333462,0,0,0,0
openshift-cloud-credential-operator,cloud-credential-operator-7d56d5bb87-8fn6g,cloud-credential-operator,131670016,0.0061369374666666735,0,0,0,0
openshift-cloud-credential-operator,cloud-credential-operator-7d56d5bb87-8fn6g,kube-rbac-proxy,17448960,0.00006808340000000005,0,0,0,0
openshift-cloud-credential-operator,pod-identity-webhook-6957b4cdc8-zh8k4,pod-identity-webhook,15163392,0.000039988499999998874,0,0,0,0
openshift-monitoring,alertmanager-main-0,alertmanager,26685440,0.0006125943666666671,0,0,0,0
openshift-monitoring,alertmanager-main-0,alertmanager-proxy,29462528,0.0009171064000000009,0,0,0,0
openshift-monitoring,cluster-monitoring-operator-84b4b694fc-m7cs5,cluster-monitoring-operator,73449472,0.00027446823333333967,0,0,0,0
openshift-monitoring,alertmanager-main-0,config-reloader,8351744,0.0000816129333333332,0,0,0,0
openshift-monitoring,prometheus-k8s-0,config-reloader,11333632,0.0008173143333333339,0,0,0,0
openshift-monitoring,grafana-7dc4d757b4-4hsgk,grafana,77209600,0.006184531533333331,0,0,0,0
openshift-monitoring,grafana-7dc4d757b4-4hsgk,grafana-proxy,28983296,0.0016836809333333391,0,0,0,0
openshift-monitoring,alertmanager-main-0,kube-rbac-proxy,15798272,0.0003927261999999997,0,0,0,0
openshift-monitoring,telemeter-client-58bbdf46d5-q725l,kube-rbac-proxy,15261696,0.000715160033333336,0,0,0,0
openshift-monitoring,prometheus-k8s-0,kube-rbac-proxy,15130624,0.0007739690333333327,0,0,0,0
openshift-monitoring,prometheus-operator-5bcc58f4c6-492fl,kube-rbac-proxy,20381696,0.00042613080000000205,0,0,0,0
openshift-monitoring,thanos-querier-7d79676448-9txms,kube-rbac-proxy,15577088,0.0000367204666666667,0,0,0,0
openshift-monitoring,node-exporter-hj46r,kube-rbac-proxy,15589376,0.0004817399333333362,0,0,0,0
openshift-monitoring,cluster-monitoring-operator-84b4b694fc-m7cs5,kube-rbac-proxy,15732736,0.0002816356666666668,0,0,0,0
openshift-monitoring,kube-state-metrics-65f656cd75-q9lsq,kube-rbac-proxy-main,13705216,0.00044948753333333343,0,0,0,0
openshift-monitoring,openshift-state-metrics-7bc54ff57d-5qx2r,kube-rbac-proxy-main,14790656,0.0004591687333333327,0,0,0,0
openshift-monitoring,alertmanager-main-0,kube-rbac-proxy-metric,15642624,0.0004386359666666674,0,0,0,0
openshift-monitoring,grafana-7dc4d757b4-4hsgk,kube-rbac-proxy-metrics,16871424,0.0003469108666666684,0,0,0,0
openshift-monitoring,thanos-querier-7d79676448-9txms,kube-rbac-proxy-metrics,15466496,0.000767377233333333,0,0,0,0
openshift-monitoring,thanos-querier-7d79676448-9txms,kube-rbac-proxy-rules,15908864,0.00004805926666666683,0,0,0,0
openshift-monitoring,kube-state-metrics-65f656cd75-q9lsq,kube-rbac-proxy-self,16072704,0.0003227728666666689,0,0,0,0
openshift-monitoring,openshift-state-metrics-7bc54ff57d-5qx2r,kube-rbac-proxy-self,14708736,0.00048804196666666646,0,0,0,0
openshift-monitoring,prometheus-k8s-0,kube-rbac-proxy-thanos,13271040,0.0006477064666666682,0,0,0,0
openshift-monitoring,kube-state-metrics-65f656cd75-q9lsq,kube-state-metrics,60817408,0.0008664283000000034,0,0,0,0
openshift-monitoring,node-exporter-hj46r,node-exporter,28086272,0.01183133803333334,0,0,0,0
openshift-monitoring,thanos-querier-7d79676448-9txms,oauth-proxy,32899072,0.0022233821333333295,0,0,0,0
openshift-monitoring,openshift-state-metrics-7bc54ff57d-5qx2r,openshift-state-metrics,18444288,0.00024093193333333269,0,0,0,0
openshift-monitoring,alertmanager-main-0,prom-label-proxy,7041024,0,0,0,0,0
openshift-monitoring,thanos-querier-7d79676448-9txms,prom-label-proxy,7049216,0.0000008439666666667606,0,0,0,0
openshift-monitoring,prometheus-k8s-0,prometheus,1653805056,0.08093633666666687,0,0,0,0
openshift-monitoring,prometheus-adapter-85f9569d7d-sgt64,prometheus-adapter,52547584,0.004064191566666687,0,0,0,0
openshift-monitoring,prometheus-operator-5bcc58f4c6-492fl,prometheus-operator,154304512,0.00010304736666662727,0,0,0,0
openshift-monitoring,prometheus-k8s-0,prometheus-proxy,30629888,0.005293561700000002,0,0,0,0
openshift-monitoring,telemeter-client-58bbdf46d5-q725l,reload,6176768,0,0,0,0,0
openshift-monitoring,telemeter-client-58bbdf46d5-q725l,telemeter-client,29528064,0.000058630433333333374,0,0,0,0
openshift-monitoring,thanos-querier-7d79676448-9txms,thanos-query,78123008,0.0013540730000000188,0,0,0,0
openshift-monitoring,prometheus-k8s-0,thanos-sidecar,42668032,0.00856118059999999,0,0,0,0
openshift-monitoring,alertmanager-main-0,alertmanager,26685440,0.000612594366666667,0,0,0,0
openshift-monitoring,alertmanager-main-0,alertmanager-proxy,29462528,0.0009171064000000007,0,0,0,0
openshift-monitoring,cluster-monitoring-operator-84b4b694fc-m7cs5,cluster-monitoring-operator,73449472,0.0002744682333333396,0,0,0,0
openshift-monitoring,alertmanager-main-0,config-reloader,8351744,0.00008161293333333319,0,0,0,0
openshift-monitoring,prometheus-k8s-0,config-reloader,11333632,0.0008173143333333337,0,0,0,0
openshift-monitoring,grafana-7dc4d757b4-4hsgk,grafana,77209600,0.00618453153333333,0,0,0,0
openshift-monitoring,grafana-7dc4d757b4-4hsgk,grafana-proxy,28983296,0.0016836809333333387,0,0,0,0
openshift-monitoring,alertmanager-main-0,kube-rbac-proxy,15798272,0.0003927261999999996,0,0,0,0
openshift-monitoring,telemeter-client-58bbdf46d5-q725l,kube-rbac-proxy,15261696,0.0007151600333333359,0,0,0,0
openshift-monitoring,prometheus-k8s-0,kube-rbac-proxy,15130624,0.0007739690333333326,0,0,0,0
openshift-monitoring,prometheus-operator-5bcc58f4c6-492fl,kube-rbac-proxy,20381696,0.00042613080000000194,0,0,0,0
openshift-monitoring,thanos-querier-7d79676448-9txms,kube-rbac-proxy,15577088,0.00003672046666666669,0,0,0,0
openshift-monitoring,node-exporter-hj46r,kube-rbac-proxy,15589376,0.0004817399333333361,0,0,0,0
openshift-monitoring,cluster-monitoring-operator-84b4b694fc-m7cs5,kube-rbac-proxy,15732736,0.00028163566666666677,0,0,0,0
openshift-monitoring,kube-state-metrics-65f656cd75-q9lsq,kube-rbac-proxy-main,13705216,0.0004494875333333333,0,0,0,0
openshift-monitoring,openshift-state-metrics-7bc54ff57d-5qx2r,kube-rbac-proxy-main,14790656,0.00045916873333333257,0,0,0,0
openshift-monitoring,alertmanager-main-0,kube-rbac-proxy-metric,15642624,0.0004386359666666673,0,0,0,0
openshift-monitoring,grafana-7dc4d757b4-4hsgk,kube-rbac-proxy-metrics,16871424,0.00034691086666666836,0,0,0,0
openshift-monitoring,thanos-querier-7d79676448-9txms,kube-rbac-proxy-metrics,15466496,0.0007673772333333329,0,0,0,0
openshift-monitoring,thanos-querier-7d79676448-9txms,kube-rbac-proxy-rules,15908864,0.000048059266666666825,0,0,0,0
openshift-monitoring,kube-state-metrics-65f656cd75-q9lsq,kube-rbac-proxy-self,16072704,0.00032277286666666886,0,0,0,0
openshift-monitoring,openshift-state-metrics-7bc54ff57d-5qx2r,kube-rbac-proxy-self,14708736,0.00048804196666666635,0,0,0,0
openshift-monitoring,prometheus-k8s-0,kube-rbac-proxy-thanos,13271040,0.000647706466666668,0,0,0,0
openshift-monitoring,kube-state-metrics-65f656cd75-q9lsq,kube-state-metrics,60817408,0.0008664283000000032,0,0,0,0
openshift-monitoring,node-exporter-hj46r,node-exporter,28086272,0.011831338033333338,0,0,0,0
openshift-monitoring,thanos-querier-7d79676448-9txms,oauth-proxy,32899072,0.002223382133333329,0,0,0,0
openshift-monitoring,openshift-state-metrics-7bc54ff57d-5qx2r,openshift-state-metrics,18444288,0.00024093193333333263,0,0,0,0
openshift-monitoring,alertmanager-main-0,prom-label-proxy,7041024,0,0,0,0,0
openshift-monitoring,thanos-querier-7d79676448-9txms,prom-label-proxy,7049216,0.0000008439666666667604,0,0,0,0
openshift-monitoring,prometheus-k8s-0,prometheus,1653805056,0.08093633666666686,0,0,0,0
openshift-monitoring,prometheus-adapter-85f9569d7d-sgt64,prometheus-adapter,52547584,0.004064191566666686,0,0,0,0
openshift-monitoring,prometheus-operator-5bcc58f4c6-492fl,prometheus-operator,154304512,0.00010304736666662724,0,0,0,0
openshift-monitoring,prometheus-k8s-0,prometheus-proxy,30629888,0.005293561700000001,0,0,0,0
openshift-monitoring,telemeter-client-58bbdf46d5-q725l,reload,6176768,0,0,0,0,0
openshift-monitoring,telemeter-client-58bbdf46d5-q725l,telemeter-client,29528064,0.00005863043333333336,0,0,0,0
openshift-monitoring,thanos-querier-7d79676448-9txms,thanos-query,78123008,0.0013540730000000186,0,0,0,0
openshift-monitoring,prometheus-k8s-0,thanos-sidecar,42668032,0.008561180599999989,0,0,0,0
openshift-ingress,router-default-8446878699-pvnxl,router,50253824,0.013363059766666652,0,0,0,0
openshift-service-ca,service-ca-54889f9bc8-dpncs,service-ca-controller,122245120,0.0038260761999999874,0,0,0,0
openshift-service-ca-operator,service-ca-operator-7456b97c74-bwtls,service-ca-operator,59592704,0.005138449033333344,0,0,0,0
openshift-monitoring,alertmanager-main-0,alertmanager,26685440,0.000612594366666667,0,0,0,0
openshift-monitoring,alertmanager-main-0,alertmanager-proxy,29462528,0.0009171064000000007,0,0,0,0
openshift-monitoring,cluster-monitoring-operator-84b4b694fc-m7cs5,cluster-monitoring-operator,73449472,0.0002744682333333396,0,0,0,0
openshift-monitoring,alertmanager-main-0,config-reloader,8351744,0.00008161293333333319,0,0,0,0
openshift-monitoring,prometheus-k8s-0,config-reloader,11333632,0.0008173143333333337,0,0,0,0
openshift-monitoring,grafana-7dc4d757b4-4hsgk,grafana,77209600,0.00618453153333333,0,0,0,0
openshift-monitoring,grafana-7dc4d757b4-4hsgk,grafana-proxy,28983296,0.0016836809333333387,0,0,0,0
openshift-monitoring,alertmanager-main-0,kube-rbac-proxy,15798272,0.0003927261999999996,0,0,0,0
openshift-monitoring,telemeter-client-58bbdf46d5-q725l,kube-rbac-proxy,15261696,0.0007151600333333359,0,0,0,0
openshift-monitoring,prometheus-k8s-0,kube-rbac-proxy,15130624,0.0007739690333333326,0,0,0,0
openshift-monitoring,prometheus-operator-5bcc58f4c6-492fl,kube-rbac-proxy,20381696,0.00042613080000000194,0,0,0,0
openshift-monitoring,thanos-querier-7d79676448-9txms,kube-rbac-proxy,15577088,0.00003672046666666669,0,0,0,0
openshift-monitoring,node-exporter-hj46r,kube-rbac-proxy,15589376,0.0004817399333333361,0,0,0,0
openshift-monitoring,cluster-monitoring-operator-84b4b694fc-m7cs5,kube-rbac-proxy,15732736,0.00028163566666666677,0,0,0,0
openshift-monitoring,kube-state-metrics-65f656cd75-q9lsq,kube-rbac-proxy-main,13705216,0.0004494875333333333,0,0,0,0
openshift-monitoring,openshift-state-metrics-7bc54ff57d-5qx2r,kube-rbac-proxy-main,14790656,0.00045916873333333257,0,0,0,0
openshift-monitoring,alertmanager-main-0,kube-rbac-proxy-metric,15642624,0.0004386359666666673,0,0,0,0
openshift-monitoring,grafana-7dc4d757b4-4hsgk,kube-rbac-proxy-metrics,16871424,0.00034691086666666836,0,0,0,0
openshift-monitoring,thanos-querier-7d79676448-9txms,kube-rbac-proxy-metrics,15466496,0.0007673772333333329,0,0,0,0
openshift-monitoring,thanos-querier-7d79676448-9txms,kube-rbac-proxy-rules,15908864,0.000048059266666666825,0,0,0,0
openshift-monitoring,kube-state-metrics-65f656cd75-q9lsq,kube-rbac-proxy-self,16072704,0.00032277286666666886,0,0,0,0
openshift-monitoring,openshift-state-metrics-7bc54ff57d-5qx2r,kube-rbac-proxy-self,14708736,0.00048804196666666635,0,0,0,0
openshift-monitoring,prometheus-k8s-0,kube-rbac-proxy-thanos,13271040,0.000647706466666668,0,0,0,0
openshift-monitoring,kube-state-metrics-65f656cd75-q9lsq,kube-state-metrics,60817408,0.0008664283000000032,0,0,0,0
openshift-monitoring,node-exporter-hj46r,node-exporter,28086272,0.011831338033333338,0,0,0,0
openshift-monitoring,thanos-querier-7d79676448-9txms,oauth-proxy,32899072,0.002223382133333329,0,0,0,0
openshift-monitoring,openshift-state-metrics-7bc54ff57d-5qx2r,openshift-state-metrics,18444288,0.00024093193333333263,0,0,0,0
openshift-monitoring,alertmanager-main-0,prom-label-proxy,7041024,0,0,0,0,0
openshift-monitoring,thanos-querier-7d79676448-9txms,prom-label-proxy,7049216,0.0000008439666666667604,0,0,0,0
openshift-monitoring,prometheus-k8s-0,prometheus,1653805056,0.08093633666666686,0,0,0,0
openshift-monitoring,prometheus-adapter-85f9569d7d-sgt64,prometheus-adapter,52547584,0.004064191566666686,0,0,0,0
openshift-monitoring,prometheus-operator-5bcc58f4c6-492fl,prometheus-operator,154304512,0.00010304736666662724,0,0,0,0
openshift-monitoring,prometheus-k8s-0,prometheus-proxy,30629888,0.005293561700000001,0,0,0,0
openshift-monitoring,telemeter-client-58bbdf46d5-q725l,reload,6176768,0,0,0,0,0
openshift-monitoring,telemeter-client-58bbdf46d5-q725l,telemeter-client,29528064,0.00005863043333333336,0,0,0,0
openshift-monitoring,thanos-querier-7d79676448-9txms,thanos-query,78123008,0.0013540730000000186,0,0,0,0
openshift-monitoring,prometheus-k8s-0,thanos-sidecar,42668032,0.008561180599999989,0,0,0,0
openshift-monitoring,alertmanager-main-0,alertmanager,26685440,0.000612594366666667,0,0,0,0
openshift-monitoring,alertmanager-main-0,alertmanager-proxy,29462528,0.0009171064000000007,0,0,0,0
openshift-monitoring,cluster-monitoring-operator-84b4b694fc-m7cs5,cluster-monitoring-operator,73449472,0.0002744682333333396,0,0,0,0
openshift-monitoring,alertmanager-main-0,config-reloader,8351744,0.00008161293333333319,0,0,0,0
openshift-monitoring,prometheus-k8s-0,config-reloader,11333632,0.0008173143333333337,0,0,0,0
openshift-monitoring,grafana-7dc4d757b4-4hsgk,grafana,77209600,0.00618453153333333,0,0,0,0
openshift-monitoring,grafana-7dc4d757b4-4hsgk,grafana-proxy,28983296,0.0016836809333333387,0,0,0,0
openshift-monitoring,alertmanager-main-0,kube-rbac-proxy,15798272,0.0003927261999999996,0,0,0,0
openshift-monitoring,telemeter-client-58bbdf46d5-q725l,kube-rbac-proxy,15261696,0.0007151600333333359,0,0,0,0
openshift-monitoring,prometheus-k8s-0,kube-rbac-proxy,15130624,0.0007739690333333326,0,0,0,0
openshift-monitoring,prometheus-operator-5bcc58f4c6-492fl,kube-rbac-proxy,20381696,0.00042613080000000194,0,0,0,0
openshift-monitoring,thanos-querier-7d79676448-9txms,kube-rbac-proxy,15577088,0.00003672046666666669,0,0,0,0
openshift-monitoring,node-exporter-hj46r,kube-rbac-proxy,15589376,0.0004817399333333361,0,0,0,0
openshift-monitoring,cluster-monitoring-operator-84b4b694fc-m7cs5,kube-rbac-proxy,15732736,0.00028163566666666677,0,0,0,0
openshift-monitoring,kube-state-metrics-65f656cd75-q9lsq,kube-rbac-proxy-main,13705216,0.0004494875333333333,0,0,0,0
openshift-monitoring,openshift-state-metrics-7bc54ff57d-5qx2r,kube-rbac-proxy-main,14790656,0.00045916873333333257,0,0,0,0
openshift-monitoring,alertmanager-main-0,kube-rbac-proxy-metric,15642624,0.0004386359666666673,0,0,0,0
openshift-monitoring,grafana-7dc4d757b4-4hsgk,kube-rbac-proxy-metrics,16871424,0.00034691086666666836,0,0,0,0
openshift-monitoring,thanos-querier-7d79676448-9txms,kube-rbac-proxy-metrics,15466496,0.0007673772333333329,0,0,0,0
openshift-monitoring,thanos-querier-7d79676448-9txms,kube-rbac-proxy-rules,15908864,0.000048059266666666825,0,0,0,0
openshift-monitoring,kube-state-metrics-65f656cd75-q9lsq,kube-rbac-proxy-self,16072704,0.00032277286666666886,0,0,0,0
openshift-monitoring,openshift-state-metrics-7bc54ff57d-5qx2r,kube-rbac-proxy-self,14708736,0.00048804196666666635,0,0,0,0
openshift-monitoring,prometheus-k8s-0,kube-rbac-proxy-thanos,13271040,0.000647706466666668,0,0,0,0
openshift-monitoring,kube-state-metrics-65f656cd75-q9lsq,kube-state-metrics,60817408,0.0008664283000000032,0,0,0,0
openshift-monitoring,node-exporter-hj46r,node-exporter,28086272,0.011831338033333338,0,0,0,0
openshift-monitoring,thanos-querier-7d79676448-9txms,oauth-proxy,32899072,0.002223382133333329,0,0,0,0
openshift-monitoring,openshift-state-metrics-7bc54ff57d-5qx2r,openshift-state-metrics,18444288,0.00024093193333333263,0,0,0,0
openshift-monitoring,alertmanager-main-0,prom-label-proxy,7041024,0,0,0,0,0
openshift-monitoring,thanos-querier-7d79676448-9txms,prom-label-proxy,7049216,0.0000008439666666667604,0,0,0,0
openshift-monitoring,prometheus-k8s-0,prometheus,1653805056,0.08093633666666686,0,0,0,0
openshift-monitoring,prometheus-adapter-85f9569d7d-sgt64,prometheus-adapter,52547584,0.004064191566666686,0,0,0,0
openshift-monitoring,prometheus-operator-5bcc58f4c6-492fl,prometheus-operator,154304512,0.00010304736666662724,0,0,0,0
openshift-monitoring,prometheus-k8s-0,prometheus-proxy,30629888,0.005293561700000001,0,0,0,0
openshift-monitoring,telemeter-client-58bbdf46d5-q725l,reload,6176768,0,0,0,0,0
openshift-monitoring,telemeter-client-58bbdf46d5-q725l,telemeter-client,29528064,0.00005863043333333336,0,0,0,0
openshift-monitoring,thanos-querier-7d79676448-9txms,thanos-query,78123008,0.0013540730000000186,0,0,0,0
openshift-monitoring,prometheus-k8s-0,thanos-sidecar,42668032,0.008561180599999989,0,0,0,0
openshift-monitoring,alertmanager-main-0,alertmanager,26685440,0.000612594366666667,0,0,0,0
openshift-monitoring,alertmanager-main-0,alertmanager-proxy,29462528,0.0009171064000000007,0,0,0,0
openshift-monitoring,cluster-monitoring-operator-84b4b694fc-m7cs5,cluster-monitoring-operator,73449472,0.0002744682333333396,0,0,0,0
openshift-monitoring,alertmanager-main-0,config-reloader,8351744,0.00008161293333333319,0,0,0,0
openshift-monitoring,prometheus-k8s-0,config-reloader,11333632,0.0008173143333333337,0,0,0,0
openshift-monitoring,grafana-7dc4d757b4-4hsgk,grafana,77209600,0.00618453153333333,0,0,0,0
openshift-monitoring,grafana-7dc4d757b4-4hsgk,grafana-proxy,28983296,0.0016836809333333387,0,0,0,0
openshift-monitoring,alertmanager-main-0,kube-rbac-proxy,15798272,0.0003927261999999996,0,0,0,0
openshift-monitoring,telemeter-client-58bbdf46d5-q725l,kube-rbac-proxy,15261696,0.0007151600333333359,0,0,0,0
openshift-monitoring,prometheus-k8s-0,kube-rbac-proxy,15130624,0.0007739690333333326,0,0,0,0
openshift-monitoring,prometheus-operator-5bcc58f4c6-492fl,kube-rbac-proxy,20381696,0.00042613080000000194,0,0,0,0
openshift-monitoring,thanos-querier-7d79676448-9txms,kube-rbac-proxy,15577088,0.00003672046666666669,0,0,0,0
openshift-monitoring,node-exporter-hj46r,kube-rbac-proxy,15589376,0.0004817399333333361,0,0,0,0
openshift-monitoring,cluster-monitoring-operator-84b4b694fc-m7cs5,kube-rbac-proxy,15732736,0.00028163566666666677,0,0,0,0
openshift-monitoring,kube-state-metrics-65f656cd75-q9lsq,kube-rbac-proxy-main,13705216,0.0004494875333333333,0,0,0,0
openshift-monitoring,openshift-state-metrics-7bc54ff57d-5qx2r,kube-rbac-proxy-main,14790656,0.00045916873333333257,0,0,0,0
openshift-monitoring,alertmanager-main-0,kube-rbac-proxy-metric,15642624,0.0004386359666666673,0,0,0,0
openshift-monitoring,grafana-7dc4d757b4-4hsgk,kube-rbac-proxy-metrics,16871424,0.00034691086666666836,0,0,0,0
openshift-monitoring,thanos-querier-7d79676448-9txms,kube-rbac-proxy-metrics,15466496,0.0007673772333333329,0,0,0,0
openshift-monitoring,thanos-querier-7d79676448-9txms,kube-rbac-proxy-rules,15908864,0.000048059266666666825,0,0,0,0
openshift-monitoring,kube-state-metrics-65f656cd75-q9lsq,kube-rbac-proxy-self,16072704,0.00032277286666666886,0,0,0,0
openshift-monitoring,openshift-state-metrics-7bc54ff57d-5qx2r,kube-rbac-proxy-self,14708736,0.00048804196666666635,0,0,0,0
openshift-monitoring,prometheus-k8s-0,kube-rbac-proxy-thanos,13271040,0.000647706466666668,0,0,0,0
openshift-monitoring,kube-state-metrics-65f656cd75-q9lsq,kube-state-metrics,60817408,0.0008664283000000032,0,0,0,0
openshift-monitoring,node-exporter-hj46r,node-exporter,28086272,0.011831338033333338,0,0,0,0
openshift-monitoring,thanos-querier-7d79676448-9txms,oauth-proxy,32899072,0.002223382133333329,0,0,0,0
openshift-monitoring,openshift-state-metrics-7bc54ff57d-5qx2r,openshift-state-metrics,18444288,0.00024093193333333263,0,0,0,0
openshift-monitoring,alertmanager-main-0,prom-label-proxy,7041024,0,0,0,0,0
openshift-monitoring,thanos-querier-7d79676448-9txms,prom-label-proxy,7049216,0.0000008439666666667604,0,0,0,0
openshift-monitoring,prometheus-k8s-0,prometheus,1653805056,0.08093633666666686,0,0,0,0
openshift-monitoring,prometheus-adapter-85f9569d7d-sgt64,prometheus-adapter,52547584,0.004064191566666686,0,0,0,0
openshift-monitoring,prometheus-operator-5bcc58f4c6-492fl,prometheus-operator,154304512,0.00010304736666662724,0,0,0,0
openshift-monitoring,prometheus-k8s-0,prometheus-proxy,30629888,0.005293561700000001,0,0,0,0
openshift-monitoring,telemeter-client-58bbdf46d5-q725l,reload,6176768,0,0,0,0,0
openshift-monitoring,telemeter-client-58bbdf46d5-q725l,telemeter-client,29528064,0.00005863043333333336,0,0,0,0
openshift-monitoring,thanos-querier-7d79676448-9txms,thanos-query,78123008,0.0013540730000000186,0,0,0,0
openshift-monitoring,prometheus-k8s-0,thanos-sidecar,42668032,0.008561180599999989,0,0,0,0
openshift-monitoring,alertmanager-main-0,alertmanager,26685440,0.000612594366666667,0,0,0,0
openshift-monitoring,alertmanager-main-0,alertmanager-proxy,29462528,0.0009171064000000007,0,0,0,0
openshift-monitoring,cluster-monitoring-operator-84b4b694fc-m7cs5,cluster-monitoring-operator,73449472,0.0002744682333333396,0,0,0,0
openshift-monitoring,alertmanager-main-0,config-reloader,8351744,0.00008161293333333319,0,0,0,0
openshift-monitoring,prometheus-k8s-0,config-reloader,11333632,0.0008173143333333337,0,0,0,0
openshift-monitoring,grafana-7dc4d757b4-4hsgk,grafana,77209600,0.00618453153333333,0,0,0,0
openshift-monitoring,grafana-7dc4d757b4-4hsgk,grafana-proxy,28983296,0.0016836809333333387,0,0,0,0
openshift-monitoring,alertmanager-main-0,kube-rbac-proxy,15798272,0.0003927261999999996,0,0,0,0
openshift-monitoring,telemeter-client-58bbdf46d5-q725l,kube-rbac-proxy,15261696,0.0007151600333333359,0,0,0,0
openshift-monitoring,prometheus-k8s-0,kube-rbac-proxy,15130624,0.0007739690333333326,0,0,0,0
openshift-monitoring,prometheus-operator-5bcc58f4c6-492fl,kube-rbac-proxy,20381696,0.00042613080000000194,0,0,0,0
openshift-monitoring,thanos-querier-7d79676448-9txms,kube-rbac-proxy,15577088,0.00003672046666666669,0,0,0,0
openshift-monitoring,node-exporter-hj46r,kube-rbac-proxy,15589376,0.0004817399333333361,0,0,0,0
openshift-monitoring,cluster-monitoring-operator-84b4b694fc-m7cs5,kube-rbac-proxy,15732736,0.00028163566666666677,0,0,0,0
openshift-monitoring,kube-state-metrics-65f656cd75-q9lsq,kube-rbac-proxy-main,13705216,0.0004494875333333333,0,0,0,0
openshift-monitoring,openshift-state-metrics-7bc54ff57d-5qx2r,kube-rbac-proxy-main,14790656,0.00045916873333333257,0,0,0,0
openshift-monitoring,alertmanager-main-0,kube-rbac-proxy-metric,15642624,0.0004386359666666673,0,0,0,0
openshift-monitoring,grafana-7dc4d757b4-4hsgk,kube-rbac-proxy-metrics,16871424,0.00034691086666666836,0,0,0,0
openshift-monitoring,thanos-querier-7d79676448-9txms,kube-rbac-proxy-metrics,15466496,0.0007673772333333329,0,0,0,0
openshift-monitoring,thanos-querier-7d79676448-9txms,kube-rbac-proxy-rules,15908864,0.000048059266666666825,0,0,0,0
openshift-monitoring,kube-state-metrics-65f656cd75-q9lsq,kube-rbac-proxy-self,16072704,0.00032277286666666886,0,0,0,0
openshift-monitoring,openshift-state-metrics-7bc54ff57d-5qx2r,kube-rbac-proxy-self,14708736,0.00048804196666666635,0,0,0,0
openshift-monitoring,prometheus-k8s-0,kube-rbac-proxy-thanos,13271040,0.000647706466666668,0,0,0,0
openshift-monitoring,kube-state-metrics-65f656cd75-q9lsq,kube-state-metrics,60817408,0.0008664283000000032,0,0,0,0
openshift-monitoring,node-exporter-hj46r,node-exporter,28086272,0.011831338033333338,0,0,0,0
openshift-monitoring,thanos-querier-7d79676448-9txms,oauth-proxy,32899072,0.002223382133333329,0,0,0,0
openshift-monitoring,openshift-state-metrics-7bc54ff57d-5qx2r,openshift-state-metrics,18444288,0.00024093193333333263,0,0,0,0
openshift-monitoring,alertmanager-main-0,prom-label-proxy,7041024,0,0,0,0,0
openshift-monitoring,thanos-querier-7d79676448-9txms,prom-label-proxy,7049216,0.0000008439666666667604,0,0,0,0
openshift-monitoring,prometheus-k8s-0,prometheus,1653805056,0.08093633666666686,0,0,0,0
openshift-monitoring,prometheus-adapter-85f9569d7d-sgt64,prometheus-adapter,52547584,0.004064191566666686,0,0,0,0
openshift-monitoring,prometheus-operator-5bcc58f4c6-492fl,prometheus-operator,154304512,0.00010304736666662724,0,0,0,0
openshift-monitoring,prometheus-k8s-0,prometheus-proxy,30629888,0.005293561700000001,0,0,0,0
openshift-monitoring,telemeter-client-58bbdf46d5-q725l,reload,6176768,0,0,0,0,0
openshift-monitoring,telemeter-client-58bbdf46d5-q725l,telemeter-client,29528064,0.00005863043333333336,0,0,0,0
openshift-monitoring,thanos-querier-7d79676448-9txms,thanos-query,78123008,0.0013540730000000186,0,0,0,0
openshift-monitoring,prometheus-k8s-0,thanos-sidecar,42668032,0.008561180599999989,0,0,0,0
